MD5,SHA1,FileNames
"f85796a01f9720c1c3c04ed661b4e7b7","efd3c59de92e32746bd7e70ad8f562e15c6bea68","H:\\NONAME [FAT32]\[root]\System Volume Information\WPSettings.dat"
"88636cb4baee0e53be4d6c87a5d771ed","5b9b42d748f3ad449bee592d59725168acdcae9e","H:\\NONAME [FAT32]\[root]\System Volume Information\IndexerVolumeGuid"
"c4705a6a8163c548524080a9ae600d72","fbab35f21857a77b280f889cd67860e7c9897191","H:\\NONAME [FAT32]\[root]\Install SanDisk Software.dmg"
"84855120af2f9f370572ff8148d0d9b4","7d761df164716f7a67063448d1be1d1991d3f801","H:\\NONAME [FAT32]\[root]\Install SanDisk Software.exe"
"5f7fe35233e5fb341f6c416be89ffccc","835b4c3f10c529a76d649f72e6e2a6105bc94bbb","H:\\NONAME [FAT32]\[root]\SanDisk Software.pdf"
"d41d8cd98f00b204e9800998ecf8427e","da39a3ee5e6b4b0d3255bfef95601890afd80709","H:\\NONAME [FAT32]\[root]\rabbit-7855464_640.jpg"
"a696179150716e41f53db39800179993","25ef5861b16525acee845e279c926a469eafad02","H:\\NONAME [FAT32]\[root]\rabbit-7855464_640.jpg_exiftool_tmp"
"3ce6324a48caaf7378b9760e93e1c6b1","d0bb6becda6ebea3a8174e6a24a3f8189a14c21f","H:\\NONAME [FAT32]\[root]\rabbit-7855464_640.jpg_original"
"d41d8cd98f00b204e9800998ecf8427e","da39a3ee5e6b4b0d3255bfef95601890afd80709","H:\\NONAME [FAT32]\[root]\rabbit-7855464_640.jpg_exiftool_tmp"
"b28ec91195dec1c1e7602a3c9f0ac8a2","7ef06de69f3cc136441ca733d42fa17c31118d52","H:\\NONAME [FAT32]\[root]\rabbit-7855464_640.jpg"
"d887a88c16a2c982c4c894942295ff85","8ea66a2a5d424833e77482d480b485f1f1181b6a","H:\\NONAME [FAT32]\[root]\xplico.org_sample_capture_protocols_supported_in_0.6.3.pcap"
"dc79beb4e4eb35c91f7e732e38c64f9e","a3494583f1e722ea0872c2ec4ec10670d7409f1a","H:\\NONAME [FAT32]\VBR"
"82a56fea9bc5605c6e0e385140142114","03549a7b7716891dd1bab8c1bbb0309298f6b6c3","H:\\NONAME [FAT32]\reserved sectors"
"3f92c1fdc7a746c5830685b56d7d70d1","b52587a525921c152d9aae823e245b0101942f40","H:\\NONAME [FAT32]\[unallocated space]\0000058"
"571a37630429b45b7566ae5c9d906f47","db0aa36fb812c4120b77beee82a8327c052c3391","H:\\NONAME [FAT32]\[unallocated space]\0000652"
"571a37630429b45b7566ae5c9d906f47","db0aa36fb812c4120b77beee82a8327c052c3391","H:\\NONAME [FAT32]\[unallocated space]\0003852"
"571a37630429b45b7566ae5c9d906f47","db0aa36fb812c4120b77beee82a8327c052c3391","H:\\NONAME [FAT32]\[unallocated space]\0007052"
"571a37630429b45b7566ae5c9d906f47","db0aa36fb812c4120b77beee82a8327c052c3391","H:\\NONAME [FAT32]\[unallocated space]\0010252"
"8fb4e1e31c0cfa1d6d460cdec4d79f8b","cad2be5157e8fd6481dbf4eba000085128db11f5","H:\\NONAME [FAT32]\[unallocated space]\0013452"
"2f282b84e7e608d5852449ed940bfc51","2c2ceccb5ec5574f791d45b63c940cff20550f9a","H:\\NONAME [FAT32]\[unallocated space]\0016652"
"2f282b84e7e608d5852449ed940bfc51","2c2ceccb5ec5574f791d45b63c940cff20550f9a","H:\\NONAME [FAT32]\[unallocated space]\0019852"
"2f282b84e7e608d5852449ed940bfc51","2c2ceccb5ec5574f791d45b63c940cff20550f9a","H:\\NONAME [FAT32]\[unallocated space]\0023052"
"2f282b84e7e608d5852449ed940bfc51","2c2ceccb5ec5574f791d45b63c940cff20550f9a","H:\\NONAME [FAT32]\[unallocated space]\0026252"
"2f282b84e7e608d5852449ed940bfc51","2c2ceccb5ec5574f791d45b63c940cff20550f9a","H:\\NONAME [FAT32]\[unallocated space]\0029452"
"2f282b84e7e608d5852449ed940bfc51","2c2ceccb5ec5574f791d45b63c940cff20550f9a","H:\\NONAME [FAT32]\[unallocated space]\0032652"
"2f282b84e7e608d5852449ed940bfc51","2c2ceccb5ec5574f791d45b63c940cff20550f9a","H:\\NONAME [FAT32]\[unallocated space]\0035852"
"2f282b84e7e608d5852449ed940bfc51","2c2ceccb5ec5574f791d45b63c940cff20550f9a","H:\\NONAME [FAT32]\[unallocated space]\0039052"
"2f282b84e7e608d5852449ed940bfc51","2c2ceccb5ec5574f791d45b63c940cff20550f9a","H:\\NONAME [FAT32]\[unallocated space]\0042252"
"2f282b84e7e608d5852449ed940bfc51","2c2ceccb5ec5574f791d45b63c940cff20550f9a","H:\\NONAME [FAT32]\[unallocated space]\0045452"
"2f282b84e7e608d5852449ed940bfc51","2c2ceccb5ec5574f791d45b63c940cff20550f9a","H:\\NONAME [FAT32]\[unallocated space]\0048652"
"2f282b84e7e608d5852449ed940bfc51","2c2ceccb5ec5574f791d45b63c940cff20550f9a","H:\\NONAME [FAT32]\[unallocated space]\0051852"
"2f282b84e7e608d5852449ed940bfc51","2c2ceccb5ec5574f791d45b63c940cff20550f9a","H:\\NONAME [FAT32]\[unallocated space]\0055052"
"2f282b84e7e608d5852449ed940bfc51","2c2ceccb5ec5574f791d45b63c940cff20550f9a","H:\\NONAME [FAT32]\[unallocated space]\0058252"
"2f282b84e7e608d5852449ed940bfc51","2c2ceccb5ec5574f791d45b63c940cff20550f9a","H:\\NONAME [FAT32]\[unallocated space]\0061452"
"2f282b84e7e608d5852449ed940bfc51","2c2ceccb5ec5574f791d45b63c940cff20550f9a","H:\\NONAME [FAT32]\[unallocated space]\0064652"
"2f282b84e7e608d5852449ed940bfc51","2c2ceccb5ec5574f791d45b63c940cff20550f9a","H:\\NONAME [FAT32]\[unallocated space]\0067852"
"2f282b84e7e608d5852449ed940bfc51","2c2ceccb5ec5574f791d45b63c940cff20550f9a","H:\\NONAME [FAT32]\[unallocated space]\0071052"
"2f282b84e7e608d5852449ed940bfc51","2c2ceccb5ec5574f791d45b63c940cff20550f9a","H:\\NONAME [FAT32]\[unallocated space]\0074252"
"2f282b84e7e608d5852449ed940bfc51","2c2ceccb5ec5574f791d45b63c940cff20550f9a","H:\\NONAME [FAT32]\[unallocated space]\0077452"
"2f282b84e7e608d5852449ed940bfc51","2c2ceccb5ec5574f791d45b63c940cff20550f9a","H:\\NONAME [FAT32]\[unallocated space]\0080652"
"2f282b84e7e608d5852449ed940bfc51","2c2ceccb5ec5574f791d45b63c940cff20550f9a","H:\\NONAME [FAT32]\[unallocated space]\0083852"
"2f282b84e7e608d5852449ed940bfc51","2c2ceccb5ec5574f791d45b63c940cff20550f9a","H:\\NONAME [FAT32]\[unallocated space]\0087052"
"2f282b84e7e608d5852449ed940bfc51","2c2ceccb5ec5574f791d45b63c940cff20550f9a","H:\\NONAME [FAT32]\[unallocated space]\0090252"
"2f282b84e7e608d5852449ed940bfc51","2c2ceccb5ec5574f791d45b63c940cff20550f9a","H:\\NONAME [FAT32]\[unallocated space]\0093452"
"2f282b84e7e608d5852449ed940bfc51","2c2ceccb5ec5574f791d45b63c940cff20550f9a","H:\\NONAME [FAT32]\[unallocated space]\0096652"
"2f282b84e7e608d5852449ed940bfc51","2c2ceccb5ec5574f791d45b63c940cff20550f9a","H:\\NONAME [FAT32]\[unallocated space]\0099852"
"2f282b84e7e608d5852449ed940bfc51","2c2ceccb5ec5574f791d45b63c940cff20550f9a","H:\\NONAME [FAT32]\[unallocated space]\0103052"
"2f282b84e7e608d5852449ed940bfc51","2c2ceccb5ec5574f791d45b63c940cff20550f9a","H:\\NONAME [FAT32]\[unallocated space]\0106252"
"2f282b84e7e608d5852449ed940bfc51","2c2ceccb5ec5574f791d45b63c940cff20550f9a","H:\\NONAME [FAT32]\[unallocated space]\0109452"
"2f282b84e7e608d5852449ed940bfc51","2c2ceccb5ec5574f791d45b63c940cff20550f9a","H:\\NONAME [FAT32]\[unallocated space]\0112652"
"2f282b84e7e608d5852449ed940bfc51","2c2ceccb5ec5574f791d45b63c940cff20550f9a","H:\\NONAME [FAT32]\[unallocated space]\0115852"
"2f282b84e7e608d5852449ed940bfc51","2c2ceccb5ec5574f791d45b63c940cff20550f9a","H:\\NONAME [FAT32]\[unallocated space]\0119052"
"2f282b84e7e608d5852449ed940bfc51","2c2ceccb5ec5574f791d45b63c940cff20550f9a","H:\\NONAME [FAT32]\[unallocated space]\0122252"
"2f282b84e7e608d5852449ed940bfc51","2c2ceccb5ec5574f791d45b63c940cff20550f9a","H:\\NONAME [FAT32]\[unallocated space]\0125452"
"2f282b84e7e608d5852449ed940bfc51","2c2ceccb5ec5574f791d45b63c940cff20550f9a","H:\\NONAME [FAT32]\[unallocated space]\0128652"
"2f282b84e7e608d5852449ed940bfc51","2c2ceccb5ec5574f791d45b63c940cff20550f9a","H:\\NONAME [FAT32]\[unallocated space]\0131852"
"2f282b84e7e608d5852449ed940bfc51","2c2ceccb5ec5574f791d45b63c940cff20550f9a","H:\\NONAME [FAT32]\[unallocated space]\0135052"
"2f282b84e7e608d5852449ed940bfc51","2c2ceccb5ec5574f791d45b63c940cff20550f9a","H:\\NONAME [FAT32]\[unallocated space]\0138252"
"2f282b84e7e608d5852449ed940bfc51","2c2ceccb5ec5574f791d45b63c940cff20550f9a","H:\\NONAME [FAT32]\[unallocated space]\0141452"
"2f282b84e7e608d5852449ed940bfc51","2c2ceccb5ec5574f791d45b63c940cff20550f9a","H:\\NONAME [FAT32]\[unallocated space]\0144652"
"2f282b84e7e608d5852449ed940bfc51","2c2ceccb5ec5574f791d45b63c940cff20550f9a","H:\\NONAME [FAT32]\[unallocated space]\0147852"
"2f282b84e7e608d5852449ed940bfc51","2c2ceccb5ec5574f791d45b63c940cff20550f9a","H:\\NONAME [FAT32]\[unallocated space]\0151052"
"2f282b84e7e608d5852449ed940bfc51","2c2ceccb5ec5574f791d45b63c940cff20550f9a","H:\\NONAME [FAT32]\[unallocated space]\0154252"
"2f282b84e7e608d5852449ed940bfc51","2c2ceccb5ec5574f791d45b63c940cff20550f9a","H:\\NONAME [FAT32]\[unallocated space]\0157452"
"2f282b84e7e608d5852449ed940bfc51","2c2ceccb5ec5574f791d45b63c940cff20550f9a","H:\\NONAME [FAT32]\[unallocated space]\0160652"
"2f282b84e7e608d5852449ed940bfc51","2c2ceccb5ec5574f791d45b63c940cff20550f9a","H:\\NONAME [FAT32]\[unallocated space]\0163852"
"2f282b84e7e608d5852449ed940bfc51","2c2ceccb5ec5574f791d45b63c940cff20550f9a","H:\\NONAME [FAT32]\[unallocated space]\0167052"
"2f282b84e7e608d5852449ed940bfc51","2c2ceccb5ec5574f791d45b63c940cff20550f9a","H:\\NONAME [FAT32]\[unallocated space]\0170252"
"2f282b84e7e608d5852449ed940bfc51","2c2ceccb5ec5574f791d45b63c940cff20550f9a","H:\\NONAME [FAT32]\[unallocated space]\0173452"
"2f282b84e7e608d5852449ed940bfc51","2c2ceccb5ec5574f791d45b63c940cff20550f9a","H:\\NONAME [FAT32]\[unallocated space]\0176652"
"2f282b84e7e608d5852449ed940bfc51","2c2ceccb5ec5574f791d45b63c940cff20550f9a","H:\\NONAME [FAT32]\[unallocated space]\0179852"
"2f282b84e7e608d5852449ed940bfc51","2c2ceccb5ec5574f791d45b63c940cff20550f9a","H:\\NONAME [FAT32]\[unallocated space]\0183052"
"2f282b84e7e608d5852449ed940bfc51","2c2ceccb5ec5574f791d45b63c940cff20550f9a","H:\\NONAME [FAT32]\[unallocated space]\0186252"
"2f282b84e7e608d5852449ed940bfc51","2c2ceccb5ec5574f791d45b63c940cff20550f9a","H:\\NONAME [FAT32]\[unallocated space]\0189452"
"2f282b84e7e608d5852449ed940bfc51","2c2ceccb5ec5574f791d45b63c940cff20550f9a","H:\\NONAME [FAT32]\[unallocated space]\0192652"
"2f282b84e7e608d5852449ed940bfc51","2c2ceccb5ec5574f791d45b63c940cff20550f9a","H:\\NONAME [FAT32]\[unallocated space]\0195852"
"2f282b84e7e608d5852449ed940bfc51","2c2ceccb5ec5574f791d45b63c940cff20550f9a","H:\\NONAME [FAT32]\[unallocated space]\0199052"
"2f282b84e7e608d5852449ed940bfc51","2c2ceccb5ec5574f791d45b63c940cff20550f9a","H:\\NONAME [FAT32]\[unallocated space]\0202252"
"2f282b84e7e608d5852449ed940bfc51","2c2ceccb5ec5574f791d45b63c940cff20550f9a","H:\\NONAME [FAT32]\[unallocated space]\0205452"
"2f282b84e7e608d5852449ed940bfc51","2c2ceccb5ec5574f791d45b63c940cff20550f9a","H:\\NONAME [FAT32]\[unallocated space]\0208652"
"2f282b84e7e608d5852449ed940bfc51","2c2ceccb5ec5574f791d45b63c940cff20550f9a","H:\\NONAME [FAT32]\[unallocated space]\0211852"
"2f282b84e7e608d5852449ed940bfc51","2c2ceccb5ec5574f791d45b63c940cff20550f9a","H:\\NONAME [FAT32]\[unallocated space]\0215052"
"2f282b84e7e608d5852449ed940bfc51","2c2ceccb5ec5574f791d45b63c940cff20550f9a","H:\\NONAME [FAT32]\[unallocated space]\0218252"
"2f282b84e7e608d5852449ed940bfc51","2c2ceccb5ec5574f791d45b63c940cff20550f9a","H:\\NONAME [FAT32]\[unallocated space]\0221452"
"2f282b84e7e608d5852449ed940bfc51","2c2ceccb5ec5574f791d45b63c940cff20550f9a","H:\\NONAME [FAT32]\[unallocated space]\0224652"
"2f282b84e7e608d5852449ed940bfc51","2c2ceccb5ec5574f791d45b63c940cff20550f9a","H:\\NONAME [FAT32]\[unallocated space]\0227852"
"2f282b84e7e608d5852449ed940bfc51","2c2ceccb5ec5574f791d45b63c940cff20550f9a","H:\\NONAME [FAT32]\[unallocated space]\0231052"
"2f282b84e7e608d5852449ed940bfc51","2c2ceccb5ec5574f791d45b63c940cff20550f9a","H:\\NONAME [FAT32]\[unallocated space]\0234252"
"2f282b84e7e608d5852449ed940bfc51","2c2ceccb5ec5574f791d45b63c940cff20550f9a","H:\\NONAME [FAT32]\[unallocated space]\0237452"
"2f282b84e7e608d5852449ed940bfc51","2c2ceccb5ec5574f791d45b63c940cff20550f9a","H:\\NONAME [FAT32]\[unallocated space]\0240652"
"2f282b84e7e608d5852449ed940bfc51","2c2ceccb5ec5574f791d45b63c940cff20550f9a","H:\\NONAME [FAT32]\[unallocated space]\0243852"
"2f282b84e7e608d5852449ed940bfc51","2c2ceccb5ec5574f791d45b63c940cff20550f9a","H:\\NONAME [FAT32]\[unallocated space]\0247052"
"2f282b84e7e608d5852449ed940bfc51","2c2ceccb5ec5574f791d45b63c940cff20550f9a","H:\\NONAME [FAT32]\[unallocated space]\0250252"
"2f282b84e7e608d5852449ed940bfc51","2c2ceccb5ec5574f791d45b63c940cff20550f9a","H:\\NONAME [FAT32]\[unallocated space]\0253452"
"2f282b84e7e608d5852449ed940bfc51","2c2ceccb5ec5574f791d45b63c940cff20550f9a","H:\\NONAME [FAT32]\[unallocated space]\0256652"
"2f282b84e7e608d5852449ed940bfc51","2c2ceccb5ec5574f791d45b63c940cff20550f9a","H:\\NONAME [FAT32]\[unallocated space]\0259852"
"2f282b84e7e608d5852449ed940bfc51","2c2ceccb5ec5574f791d45b63c940cff20550f9a","H:\\NONAME [FAT32]\[unallocated space]\0263052"
"2f282b84e7e608d5852449ed940bfc51","2c2ceccb5ec5574f791d45b63c940cff20550f9a","H:\\NONAME [FAT32]\[unallocated space]\0266252"
"2f282b84e7e608d5852449ed940bfc51","2c2ceccb5ec5574f791d45b63c940cff20550f9a","H:\\NONAME [FAT32]\[unallocated space]\0269452"
"2f282b84e7e608d5852449ed940bfc51","2c2ceccb5ec5574f791d45b63c940cff20550f9a","H:\\NONAME [FAT32]\[unallocated space]\0272652"
"2f282b84e7e608d5852449ed940bfc51","2c2ceccb5ec5574f791d45b63c940cff20550f9a","H:\\NONAME [FAT32]\[unallocated space]\0275852"
"2f282b84e7e608d5852449ed940bfc51","2c2ceccb5ec5574f791d45b63c940cff20550f9a","H:\\NONAME [FAT32]\[unallocated space]\0279052"
"2f282b84e7e608d5852449ed940bfc51","2c2ceccb5ec5574f791d45b63c940cff20550f9a","H:\\NONAME [FAT32]\[unallocated space]\0282252"
"2f282b84e7e608d5852449ed940bfc51","2c2ceccb5ec5574f791d45b63c940cff20550f9a","H:\\NONAME [FAT32]\[unallocated space]\0285452"
"2f282b84e7e608d5852449ed940bfc51","2c2ceccb5ec5574f791d45b63c940cff20550f9a","H:\\NONAME [FAT32]\[unallocated space]\0288652"
"2f282b84e7e608d5852449ed940bfc51","2c2ceccb5ec5574f791d45b63c940cff20550f9a","H:\\NONAME [FAT32]\[unallocated space]\0291852"
"2f282b84e7e608d5852449ed940bfc51","2c2ceccb5ec5574f791d45b63c940cff20550f9a","H:\\NONAME [FAT32]\[unallocated space]\0295052"
"2f282b84e7e608d5852449ed940bfc51","2c2ceccb5ec5574f791d45b63c940cff20550f9a","H:\\NONAME [FAT32]\[unallocated space]\0298252"
"2f282b84e7e608d5852449ed940bfc51","2c2ceccb5ec5574f791d45b63c940cff20550f9a","H:\\NONAME [FAT32]\[unallocated space]\0301452"
"2f282b84e7e608d5852449ed940bfc51","2c2ceccb5ec5574f791d45b63c940cff20550f9a","H:\\NONAME [FAT32]\[unallocated space]\0304652"
"2f282b84e7e608d5852449ed940bfc51","2c2ceccb5ec5574f791d45b63c940cff20550f9a","H:\\NONAME [FAT32]\[unallocated space]\0307852"
"2f282b84e7e608d5852449ed940bfc51","2c2ceccb5ec5574f791d45b63c940cff20550f9a","H:\\NONAME [FAT32]\[unallocated space]\0311052"
"2f282b84e7e608d5852449ed940bfc51","2c2ceccb5ec5574f791d45b63c940cff20550f9a","H:\\NONAME [FAT32]\[unallocated space]\0314252"
"2f282b84e7e608d5852449ed940bfc51","2c2ceccb5ec5574f791d45b63c940cff20550f9a","H:\\NONAME [FAT32]\[unallocated space]\0317452"
"2f282b84e7e608d5852449ed940bfc51","2c2ceccb5ec5574f791d45b63c940cff20550f9a","H:\\NONAME [FAT32]\[unallocated space]\0320652"
"2f282b84e7e608d5852449ed940bfc51","2c2ceccb5ec5574f791d45b63c940cff20550f9a","H:\\NONAME [FAT32]\[unallocated space]\0323852"
"2f282b84e7e608d5852449ed940bfc51","2c2ceccb5ec5574f791d45b63c940cff20550f9a","H:\\NONAME [FAT32]\[unallocated space]\0327052"
"2f282b84e7e608d5852449ed940bfc51","2c2ceccb5ec5574f791d45b63c940cff20550f9a","H:\\NONAME [FAT32]\[unallocated space]\0330252"
"2f282b84e7e608d5852449ed940bfc51","2c2ceccb5ec5574f791d45b63c940cff20550f9a","H:\\NONAME [FAT32]\[unallocated space]\0333452"
"2f282b84e7e608d5852449ed940bfc51","2c2ceccb5ec5574f791d45b63c940cff20550f9a","H:\\NONAME [FAT32]\[unallocated space]\0336652"
"2f282b84e7e608d5852449ed940bfc51","2c2ceccb5ec5574f791d45b63c940cff20550f9a","H:\\NONAME [FAT32]\[unallocated space]\0339852"
"2f282b84e7e608d5852449ed940bfc51","2c2ceccb5ec5574f791d45b63c940cff20550f9a","H:\\NONAME [FAT32]\[unallocated space]\0343052"
"2f282b84e7e608d5852449ed940bfc51","2c2ceccb5ec5574f791d45b63c940cff20550f9a","H:\\NONAME [FAT32]\[unallocated space]\0346252"
"2f282b84e7e608d5852449ed940bfc51","2c2ceccb5ec5574f791d45b63c940cff20550f9a","H:\\NONAME [FAT32]\[unallocated space]\0349452"
"2f282b84e7e608d5852449ed940bfc51","2c2ceccb5ec5574f791d45b63c940cff20550f9a","H:\\NONAME [FAT32]\[unallocated space]\0352652"
"2f282b84e7e608d5852449ed940bfc51","2c2ceccb5ec5574f791d45b63c940cff20550f9a","H:\\NONAME [FAT32]\[unallocated space]\0355852"
"2f282b84e7e608d5852449ed940bfc51","2c2ceccb5ec5574f791d45b63c940cff20550f9a","H:\\NONAME [FAT32]\[unallocated space]\0359052"
"2f282b84e7e608d5852449ed940bfc51","2c2ceccb5ec5574f791d45b63c940cff20550f9a","H:\\NONAME [FAT32]\[unallocated space]\0362252"
"2f282b84e7e608d5852449ed940bfc51","2c2ceccb5ec5574f791d45b63c940cff20550f9a","H:\\NONAME [FAT32]\[unallocated space]\0365452"
"2f282b84e7e608d5852449ed940bfc51","2c2ceccb5ec5574f791d45b63c940cff20550f9a","H:\\NONAME [FAT32]\[unallocated space]\0368652"
"2f282b84e7e608d5852449ed940bfc51","2c2ceccb5ec5574f791d45b63c940cff20550f9a","H:\\NONAME [FAT32]\[unallocated space]\0371852"
"2f282b84e7e608d5852449ed940bfc51","2c2ceccb5ec5574f791d45b63c940cff20550f9a","H:\\NONAME [FAT32]\[unallocated space]\0375052"
"2f282b84e7e608d5852449ed940bfc51","2c2ceccb5ec5574f791d45b63c940cff20550f9a","H:\\NONAME [FAT32]\[unallocated space]\0378252"
"2f282b84e7e608d5852449ed940bfc51","2c2ceccb5ec5574f791d45b63c940cff20550f9a","H:\\NONAME [FAT32]\[unallocated space]\0381452"
"2f282b84e7e608d5852449ed940bfc51","2c2ceccb5ec5574f791d45b63c940cff20550f9a","H:\\NONAME [FAT32]\[unallocated space]\0384652"
"2f282b84e7e608d5852449ed940bfc51","2c2ceccb5ec5574f791d45b63c940cff20550f9a","H:\\NONAME [FAT32]\[unallocated space]\0387852"
"2f282b84e7e608d5852449ed940bfc51","2c2ceccb5ec5574f791d45b63c940cff20550f9a","H:\\NONAME [FAT32]\[unallocated space]\0391052"
"2f282b84e7e608d5852449ed940bfc51","2c2ceccb5ec5574f791d45b63c940cff20550f9a","H:\\NONAME [FAT32]\[unallocated space]\0394252"
"2f282b84e7e608d5852449ed940bfc51","2c2ceccb5ec5574f791d45b63c940cff20550f9a","H:\\NONAME [FAT32]\[unallocated space]\0397452"
"2f282b84e7e608d5852449ed940bfc51","2c2ceccb5ec5574f791d45b63c940cff20550f9a","H:\\NONAME [FAT32]\[unallocated space]\0400652"
"2f282b84e7e608d5852449ed940bfc51","2c2ceccb5ec5574f791d45b63c940cff20550f9a","H:\\NONAME [FAT32]\[unallocated space]\0403852"
"2f282b84e7e608d5852449ed940bfc51","2c2ceccb5ec5574f791d45b63c940cff20550f9a","H:\\NONAME [FAT32]\[unallocated space]\0407052"
"2f282b84e7e608d5852449ed940bfc51","2c2ceccb5ec5574f791d45b63c940cff20550f9a","H:\\NONAME [FAT32]\[unallocated space]\0410252"
"2f282b84e7e608d5852449ed940bfc51","2c2ceccb5ec5574f791d45b63c940cff20550f9a","H:\\NONAME [FAT32]\[unallocated space]\0413452"
"2f282b84e7e608d5852449ed940bfc51","2c2ceccb5ec5574f791d45b63c940cff20550f9a","H:\\NONAME [FAT32]\[unallocated space]\0416652"
"2f282b84e7e608d5852449ed940bfc51","2c2ceccb5ec5574f791d45b63c940cff20550f9a","H:\\NONAME [FAT32]\[unallocated space]\0419852"
"2f282b84e7e608d5852449ed940bfc51","2c2ceccb5ec5574f791d45b63c940cff20550f9a","H:\\NONAME [FAT32]\[unallocated space]\0423052"
"2f282b84e7e608d5852449ed940bfc51","2c2ceccb5ec5574f791d45b63c940cff20550f9a","H:\\NONAME [FAT32]\[unallocated space]\0426252"
"2f282b84e7e608d5852449ed940bfc51","2c2ceccb5ec5574f791d45b63c940cff20550f9a","H:\\NONAME [FAT32]\[unallocated space]\0429452"
"2f282b84e7e608d5852449ed940bfc51","2c2ceccb5ec5574f791d45b63c940cff20550f9a","H:\\NONAME [FAT32]\[unallocated space]\0432652"
"2f282b84e7e608d5852449ed940bfc51","2c2ceccb5ec5574f791d45b63c940cff20550f9a","H:\\NONAME [FAT32]\[unallocated space]\0435852"
"2f282b84e7e608d5852449ed940bfc51","2c2ceccb5ec5574f791d45b63c940cff20550f9a","H:\\NONAME [FAT32]\[unallocated space]\0439052"
"2f282b84e7e608d5852449ed940bfc51","2c2ceccb5ec5574f791d45b63c940cff20550f9a","H:\\NONAME [FAT32]\[unallocated space]\0442252"
"2f282b84e7e608d5852449ed940bfc51","2c2ceccb5ec5574f791d45b63c940cff20550f9a","H:\\NONAME [FAT32]\[unallocated space]\0445452"
"2f282b84e7e608d5852449ed940bfc51","2c2ceccb5ec5574f791d45b63c940cff20550f9a","H:\\NONAME [FAT32]\[unallocated space]\0448652"
"2f282b84e7e608d5852449ed940bfc51","2c2ceccb5ec5574f791d45b63c940cff20550f9a","H:\\NONAME [FAT32]\[unallocated space]\0451852"
"2f282b84e7e608d5852449ed940bfc51","2c2ceccb5ec5574f791d45b63c940cff20550f9a","H:\\NONAME [FAT32]\[unallocated space]\0455052"
"2f282b84e7e608d5852449ed940bfc51","2c2ceccb5ec5574f791d45b63c940cff20550f9a","H:\\NONAME [FAT32]\[unallocated space]\0458252"
"2f282b84e7e608d5852449ed940bfc51","2c2ceccb5ec5574f791d45b63c940cff20550f9a","H:\\NONAME [FAT32]\[unallocated space]\0461452"
"2f282b84e7e608d5852449ed940bfc51","2c2ceccb5ec5574f791d45b63c940cff20550f9a","H:\\NONAME [FAT32]\[unallocated space]\0464652"
"2f282b84e7e608d5852449ed940bfc51","2c2ceccb5ec5574f791d45b63c940cff20550f9a","H:\\NONAME [FAT32]\[unallocated space]\0467852"
"2f282b84e7e608d5852449ed940bfc51","2c2ceccb5ec5574f791d45b63c940cff20550f9a","H:\\NONAME [FAT32]\[unallocated space]\0471052"
"2f282b84e7e608d5852449ed940bfc51","2c2ceccb5ec5574f791d45b63c940cff20550f9a","H:\\NONAME [FAT32]\[unallocated space]\0474252"
"2f282b84e7e608d5852449ed940bfc51","2c2ceccb5ec5574f791d45b63c940cff20550f9a","H:\\NONAME [FAT32]\[unallocated space]\0477452"
"2f282b84e7e608d5852449ed940bfc51","2c2ceccb5ec5574f791d45b63c940cff20550f9a","H:\\NONAME [FAT32]\[unallocated space]\0480652"
"2f282b84e7e608d5852449ed940bfc51","2c2ceccb5ec5574f791d45b63c940cff20550f9a","H:\\NONAME [FAT32]\[unallocated space]\0483852"
"2f282b84e7e608d5852449ed940bfc51","2c2ceccb5ec5574f791d45b63c940cff20550f9a","H:\\NONAME [FAT32]\[unallocated space]\0487052"
"2f282b84e7e608d5852449ed940bfc51","2c2ceccb5ec5574f791d45b63c940cff20550f9a","H:\\NONAME [FAT32]\[unallocated space]\0490252"
"2f282b84e7e608d5852449ed940bfc51","2c2ceccb5ec5574f791d45b63c940cff20550f9a","H:\\NONAME [FAT32]\[unallocated space]\0493452"
"2f282b84e7e608d5852449ed940bfc51","2c2ceccb5ec5574f791d45b63c940cff20550f9a","H:\\NONAME [FAT32]\[unallocated space]\0496652"
"2f282b84e7e608d5852449ed940bfc51","2c2ceccb5ec5574f791d45b63c940cff20550f9a","H:\\NONAME [FAT32]\[unallocated space]\0499852"
"2f282b84e7e608d5852449ed940bfc51","2c2ceccb5ec5574f791d45b63c940cff20550f9a","H:\\NONAME [FAT32]\[unallocated space]\0503052"
"2f282b84e7e608d5852449ed940bfc51","2c2ceccb5ec5574f791d45b63c940cff20550f9a","H:\\NONAME [FAT32]\[unallocated space]\0506252"
"2f282b84e7e608d5852449ed940bfc51","2c2ceccb5ec5574f791d45b63c940cff20550f9a","H:\\NONAME [FAT32]\[unallocated space]\0509452"
"2f282b84e7e608d5852449ed940bfc51","2c2ceccb5ec5574f791d45b63c940cff20550f9a","H:\\NONAME [FAT32]\[unallocated space]\0512652"
"2f282b84e7e608d5852449ed940bfc51","2c2ceccb5ec5574f791d45b63c940cff20550f9a","H:\\NONAME [FAT32]\[unallocated space]\0515852"
"2f282b84e7e608d5852449ed940bfc51","2c2ceccb5ec5574f791d45b63c940cff20550f9a","H:\\NONAME [FAT32]\[unallocated space]\0519052"
"2f282b84e7e608d5852449ed940bfc51","2c2ceccb5ec5574f791d45b63c940cff20550f9a","H:\\NONAME [FAT32]\[unallocated space]\0522252"
"2f282b84e7e608d5852449ed940bfc51","2c2ceccb5ec5574f791d45b63c940cff20550f9a","H:\\NONAME [FAT32]\[unallocated space]\0525452"
"2f282b84e7e608d5852449ed940bfc51","2c2ceccb5ec5574f791d45b63c940cff20550f9a","H:\\NONAME [FAT32]\[unallocated space]\0528652"
"2f282b84e7e608d5852449ed940bfc51","2c2ceccb5ec5574f791d45b63c940cff20550f9a","H:\\NONAME [FAT32]\[unallocated space]\0531852"
"2f282b84e7e608d5852449ed940bfc51","2c2ceccb5ec5574f791d45b63c940cff20550f9a","H:\\NONAME [FAT32]\[unallocated space]\0535052"
"2f282b84e7e608d5852449ed940bfc51","2c2ceccb5ec5574f791d45b63c940cff20550f9a","H:\\NONAME [FAT32]\[unallocated space]\0538252"
"2f282b84e7e608d5852449ed940bfc51","2c2ceccb5ec5574f791d45b63c940cff20550f9a","H:\\NONAME [FAT32]\[unallocated space]\0541452"
"2f282b84e7e608d5852449ed940bfc51","2c2ceccb5ec5574f791d45b63c940cff20550f9a","H:\\NONAME [FAT32]\[unallocated space]\0544652"
"2f282b84e7e608d5852449ed940bfc51","2c2ceccb5ec5574f791d45b63c940cff20550f9a","H:\\NONAME [FAT32]\[unallocated space]\0547852"
"2f282b84e7e608d5852449ed940bfc51","2c2ceccb5ec5574f791d45b63c940cff20550f9a","H:\\NONAME [FAT32]\[unallocated space]\0551052"
"2f282b84e7e608d5852449ed940bfc51","2c2ceccb5ec5574f791d45b63c940cff20550f9a","H:\\NONAME [FAT32]\[unallocated space]\0554252"
"2f282b84e7e608d5852449ed940bfc51","2c2ceccb5ec5574f791d45b63c940cff20550f9a","H:\\NONAME [FAT32]\[unallocated space]\0557452"
"2f282b84e7e608d5852449ed940bfc51","2c2ceccb5ec5574f791d45b63c940cff20550f9a","H:\\NONAME [FAT32]\[unallocated space]\0560652"
"2f282b84e7e608d5852449ed940bfc51","2c2ceccb5ec5574f791d45b63c940cff20550f9a","H:\\NONAME [FAT32]\[unallocated space]\0563852"
"2f282b84e7e608d5852449ed940bfc51","2c2ceccb5ec5574f791d45b63c940cff20550f9a","H:\\NONAME [FAT32]\[unallocated space]\0567052"
"2f282b84e7e608d5852449ed940bfc51","2c2ceccb5ec5574f791d45b63c940cff20550f9a","H:\\NONAME [FAT32]\[unallocated space]\0570252"
"2f282b84e7e608d5852449ed940bfc51","2c2ceccb5ec5574f791d45b63c940cff20550f9a","H:\\NONAME [FAT32]\[unallocated space]\0573452"
"2f282b84e7e608d5852449ed940bfc51","2c2ceccb5ec5574f791d45b63c940cff20550f9a","H:\\NONAME [FAT32]\[unallocated space]\0576652"
"2f282b84e7e608d5852449ed940bfc51","2c2ceccb5ec5574f791d45b63c940cff20550f9a","H:\\NONAME [FAT32]\[unallocated space]\0579852"
"2f282b84e7e608d5852449ed940bfc51","2c2ceccb5ec5574f791d45b63c940cff20550f9a","H:\\NONAME [FAT32]\[unallocated space]\0583052"
"2f282b84e7e608d5852449ed940bfc51","2c2ceccb5ec5574f791d45b63c940cff20550f9a","H:\\NONAME [FAT32]\[unallocated space]\0586252"
"2f282b84e7e608d5852449ed940bfc51","2c2ceccb5ec5574f791d45b63c940cff20550f9a","H:\\NONAME [FAT32]\[unallocated space]\0589452"
"2f282b84e7e608d5852449ed940bfc51","2c2ceccb5ec5574f791d45b63c940cff20550f9a","H:\\NONAME [FAT32]\[unallocated space]\0592652"
"2f282b84e7e608d5852449ed940bfc51","2c2ceccb5ec5574f791d45b63c940cff20550f9a","H:\\NONAME [FAT32]\[unallocated space]\0595852"
"2f282b84e7e608d5852449ed940bfc51","2c2ceccb5ec5574f791d45b63c940cff20550f9a","H:\\NONAME [FAT32]\[unallocated space]\0599052"
"2f282b84e7e608d5852449ed940bfc51","2c2ceccb5ec5574f791d45b63c940cff20550f9a","H:\\NONAME [FAT32]\[unallocated space]\0602252"
"2f282b84e7e608d5852449ed940bfc51","2c2ceccb5ec5574f791d45b63c940cff20550f9a","H:\\NONAME [FAT32]\[unallocated space]\0605452"
"2f282b84e7e608d5852449ed940bfc51","2c2ceccb5ec5574f791d45b63c940cff20550f9a","H:\\NONAME [FAT32]\[unallocated space]\0608652"
"2f282b84e7e608d5852449ed940bfc51","2c2ceccb5ec5574f791d45b63c940cff20550f9a","H:\\NONAME [FAT32]\[unallocated space]\0611852"
"2f282b84e7e608d5852449ed940bfc51","2c2ceccb5ec5574f791d45b63c940cff20550f9a","H:\\NONAME [FAT32]\[unallocated space]\0615052"
"2f282b84e7e608d5852449ed940bfc51","2c2ceccb5ec5574f791d45b63c940cff20550f9a","H:\\NONAME [FAT32]\[unallocated space]\0618252"
"2f282b84e7e608d5852449ed940bfc51","2c2ceccb5ec5574f791d45b63c940cff20550f9a","H:\\NONAME [FAT32]\[unallocated space]\0621452"
"2f282b84e7e608d5852449ed940bfc51","2c2ceccb5ec5574f791d45b63c940cff20550f9a","H:\\NONAME [FAT32]\[unallocated space]\0624652"
"2f282b84e7e608d5852449ed940bfc51","2c2ceccb5ec5574f791d45b63c940cff20550f9a","H:\\NONAME [FAT32]\[unallocated space]\0627852"
"2f282b84e7e608d5852449ed940bfc51","2c2ceccb5ec5574f791d45b63c940cff20550f9a","H:\\NONAME [FAT32]\[unallocated space]\0631052"
"2f282b84e7e608d5852449ed940bfc51","2c2ceccb5ec5574f791d45b63c940cff20550f9a","H:\\NONAME [FAT32]\[unallocated space]\0634252"
"2f282b84e7e608d5852449ed940bfc51","2c2ceccb5ec5574f791d45b63c940cff20550f9a","H:\\NONAME [FAT32]\[unallocated space]\0637452"
"2f282b84e7e608d5852449ed940bfc51","2c2ceccb5ec5574f791d45b63c940cff20550f9a","H:\\NONAME [FAT32]\[unallocated space]\0640652"
"2f282b84e7e608d5852449ed940bfc51","2c2ceccb5ec5574f791d45b63c940cff20550f9a","H:\\NONAME [FAT32]\[unallocated space]\0643852"
"2f282b84e7e608d5852449ed940bfc51","2c2ceccb5ec5574f791d45b63c940cff20550f9a","H:\\NONAME [FAT32]\[unallocated space]\0647052"
"2f282b84e7e608d5852449ed940bfc51","2c2ceccb5ec5574f791d45b63c940cff20550f9a","H:\\NONAME [FAT32]\[unallocated space]\0650252"
"2f282b84e7e608d5852449ed940bfc51","2c2ceccb5ec5574f791d45b63c940cff20550f9a","H:\\NONAME [FAT32]\[unallocated space]\0653452"
"2f282b84e7e608d5852449ed940bfc51","2c2ceccb5ec5574f791d45b63c940cff20550f9a","H:\\NONAME [FAT32]\[unallocated space]\0656652"
"2f282b84e7e608d5852449ed940bfc51","2c2ceccb5ec5574f791d45b63c940cff20550f9a","H:\\NONAME [FAT32]\[unallocated space]\0659852"
"2f282b84e7e608d5852449ed940bfc51","2c2ceccb5ec5574f791d45b63c940cff20550f9a","H:\\NONAME [FAT32]\[unallocated space]\0663052"
"2f282b84e7e608d5852449ed940bfc51","2c2ceccb5ec5574f791d45b63c940cff20550f9a","H:\\NONAME [FAT32]\[unallocated space]\0666252"
"2f282b84e7e608d5852449ed940bfc51","2c2ceccb5ec5574f791d45b63c940cff20550f9a","H:\\NONAME [FAT32]\[unallocated space]\0669452"
"2f282b84e7e608d5852449ed940bfc51","2c2ceccb5ec5574f791d45b63c940cff20550f9a","H:\\NONAME [FAT32]\[unallocated space]\0672652"
"2f282b84e7e608d5852449ed940bfc51","2c2ceccb5ec5574f791d45b63c940cff20550f9a","H:\\NONAME [FAT32]\[unallocated space]\0675852"
"2f282b84e7e608d5852449ed940bfc51","2c2ceccb5ec5574f791d45b63c940cff20550f9a","H:\\NONAME [FAT32]\[unallocated space]\0679052"
"2f282b84e7e608d5852449ed940bfc51","2c2ceccb5ec5574f791d45b63c940cff20550f9a","H:\\NONAME [FAT32]\[unallocated space]\0682252"
"2f282b84e7e608d5852449ed940bfc51","2c2ceccb5ec5574f791d45b63c940cff20550f9a","H:\\NONAME [FAT32]\[unallocated space]\0685452"
"2f282b84e7e608d5852449ed940bfc51","2c2ceccb5ec5574f791d45b63c940cff20550f9a","H:\\NONAME [FAT32]\[unallocated space]\0688652"
"2f282b84e7e608d5852449ed940bfc51","2c2ceccb5ec5574f791d45b63c940cff20550f9a","H:\\NONAME [FAT32]\[unallocated space]\0691852"
"2f282b84e7e608d5852449ed940bfc51","2c2ceccb5ec5574f791d45b63c940cff20550f9a","H:\\NONAME [FAT32]\[unallocated space]\0695052"
"2f282b84e7e608d5852449ed940bfc51","2c2ceccb5ec5574f791d45b63c940cff20550f9a","H:\\NONAME [FAT32]\[unallocated space]\0698252"
"2f282b84e7e608d5852449ed940bfc51","2c2ceccb5ec5574f791d45b63c940cff20550f9a","H:\\NONAME [FAT32]\[unallocated space]\0701452"
"2f282b84e7e608d5852449ed940bfc51","2c2ceccb5ec5574f791d45b63c940cff20550f9a","H:\\NONAME [FAT32]\[unallocated space]\0704652"
"2f282b84e7e608d5852449ed940bfc51","2c2ceccb5ec5574f791d45b63c940cff20550f9a","H:\\NONAME [FAT32]\[unallocated space]\0707852"
"2f282b84e7e608d5852449ed940bfc51","2c2ceccb5ec5574f791d45b63c940cff20550f9a","H:\\NONAME [FAT32]\[unallocated space]\0711052"
"2f282b84e7e608d5852449ed940bfc51","2c2ceccb5ec5574f791d45b63c940cff20550f9a","H:\\NONAME [FAT32]\[unallocated space]\0714252"
"2f282b84e7e608d5852449ed940bfc51","2c2ceccb5ec5574f791d45b63c940cff20550f9a","H:\\NONAME [FAT32]\[unallocated space]\0717452"
"2f282b84e7e608d5852449ed940bfc51","2c2ceccb5ec5574f791d45b63c940cff20550f9a","H:\\NONAME [FAT32]\[unallocated space]\0720652"
"2f282b84e7e608d5852449ed940bfc51","2c2ceccb5ec5574f791d45b63c940cff20550f9a","H:\\NONAME [FAT32]\[unallocated space]\0723852"
"2f282b84e7e608d5852449ed940bfc51","2c2ceccb5ec5574f791d45b63c940cff20550f9a","H:\\NONAME [FAT32]\[unallocated space]\0727052"
"2f282b84e7e608d5852449ed940bfc51","2c2ceccb5ec5574f791d45b63c940cff20550f9a","H:\\NONAME [FAT32]\[unallocated space]\0730252"
"2f282b84e7e608d5852449ed940bfc51","2c2ceccb5ec5574f791d45b63c940cff20550f9a","H:\\NONAME [FAT32]\[unallocated space]\0733452"
"2f282b84e7e608d5852449ed940bfc51","2c2ceccb5ec5574f791d45b63c940cff20550f9a","H:\\NONAME [FAT32]\[unallocated space]\0736652"
"2f282b84e7e608d5852449ed940bfc51","2c2ceccb5ec5574f791d45b63c940cff20550f9a","H:\\NONAME [FAT32]\[unallocated space]\0739852"
"2f282b84e7e608d5852449ed940bfc51","2c2ceccb5ec5574f791d45b63c940cff20550f9a","H:\\NONAME [FAT32]\[unallocated space]\0743052"
"2f282b84e7e608d5852449ed940bfc51","2c2ceccb5ec5574f791d45b63c940cff20550f9a","H:\\NONAME [FAT32]\[unallocated space]\0746252"
"2f282b84e7e608d5852449ed940bfc51","2c2ceccb5ec5574f791d45b63c940cff20550f9a","H:\\NONAME [FAT32]\[unallocated space]\0749452"
"2f282b84e7e608d5852449ed940bfc51","2c2ceccb5ec5574f791d45b63c940cff20550f9a","H:\\NONAME [FAT32]\[unallocated space]\0752652"
"2f282b84e7e608d5852449ed940bfc51","2c2ceccb5ec5574f791d45b63c940cff20550f9a","H:\\NONAME [FAT32]\[unallocated space]\0755852"
"2f282b84e7e608d5852449ed940bfc51","2c2ceccb5ec5574f791d45b63c940cff20550f9a","H:\\NONAME [FAT32]\[unallocated space]\0759052"
"2f282b84e7e608d5852449ed940bfc51","2c2ceccb5ec5574f791d45b63c940cff20550f9a","H:\\NONAME [FAT32]\[unallocated space]\0762252"
"2f282b84e7e608d5852449ed940bfc51","2c2ceccb5ec5574f791d45b63c940cff20550f9a","H:\\NONAME [FAT32]\[unallocated space]\0765452"
"2f282b84e7e608d5852449ed940bfc51","2c2ceccb5ec5574f791d45b63c940cff20550f9a","H:\\NONAME [FAT32]\[unallocated space]\0768652"
"2f282b84e7e608d5852449ed940bfc51","2c2ceccb5ec5574f791d45b63c940cff20550f9a","H:\\NONAME [FAT32]\[unallocated space]\0771852"
"2f282b84e7e608d5852449ed940bfc51","2c2ceccb5ec5574f791d45b63c940cff20550f9a","H:\\NONAME [FAT32]\[unallocated space]\0775052"
"2f282b84e7e608d5852449ed940bfc51","2c2ceccb5ec5574f791d45b63c940cff20550f9a","H:\\NONAME [FAT32]\[unallocated space]\0778252"
"2f282b84e7e608d5852449ed940bfc51","2c2ceccb5ec5574f791d45b63c940cff20550f9a","H:\\NONAME [FAT32]\[unallocated space]\0781452"
"2f282b84e7e608d5852449ed940bfc51","2c2ceccb5ec5574f791d45b63c940cff20550f9a","H:\\NONAME [FAT32]\[unallocated space]\0784652"
"2f282b84e7e608d5852449ed940bfc51","2c2ceccb5ec5574f791d45b63c940cff20550f9a","H:\\NONAME [FAT32]\[unallocated space]\0787852"
"2f282b84e7e608d5852449ed940bfc51","2c2ceccb5ec5574f791d45b63c940cff20550f9a","H:\\NONAME [FAT32]\[unallocated space]\0791052"
"2f282b84e7e608d5852449ed940bfc51","2c2ceccb5ec5574f791d45b63c940cff20550f9a","H:\\NONAME [FAT32]\[unallocated space]\0794252"
"2f282b84e7e608d5852449ed940bfc51","2c2ceccb5ec5574f791d45b63c940cff20550f9a","H:\\NONAME [FAT32]\[unallocated space]\0797452"
"2f282b84e7e608d5852449ed940bfc51","2c2ceccb5ec5574f791d45b63c940cff20550f9a","H:\\NONAME [FAT32]\[unallocated space]\0800652"
"2f282b84e7e608d5852449ed940bfc51","2c2ceccb5ec5574f791d45b63c940cff20550f9a","H:\\NONAME [FAT32]\[unallocated space]\0803852"
"2f282b84e7e608d5852449ed940bfc51","2c2ceccb5ec5574f791d45b63c940cff20550f9a","H:\\NONAME [FAT32]\[unallocated space]\0807052"
"2f282b84e7e608d5852449ed940bfc51","2c2ceccb5ec5574f791d45b63c940cff20550f9a","H:\\NONAME [FAT32]\[unallocated space]\0810252"
"2f282b84e7e608d5852449ed940bfc51","2c2ceccb5ec5574f791d45b63c940cff20550f9a","H:\\NONAME [FAT32]\[unallocated space]\0813452"
"2f282b84e7e608d5852449ed940bfc51","2c2ceccb5ec5574f791d45b63c940cff20550f9a","H:\\NONAME [FAT32]\[unallocated space]\0816652"
"2f282b84e7e608d5852449ed940bfc51","2c2ceccb5ec5574f791d45b63c940cff20550f9a","H:\\NONAME [FAT32]\[unallocated space]\0819852"
"2f282b84e7e608d5852449ed940bfc51","2c2ceccb5ec5574f791d45b63c940cff20550f9a","H:\\NONAME [FAT32]\[unallocated space]\0823052"
"2f282b84e7e608d5852449ed940bfc51","2c2ceccb5ec5574f791d45b63c940cff20550f9a","H:\\NONAME [FAT32]\[unallocated space]\0826252"
"2f282b84e7e608d5852449ed940bfc51","2c2ceccb5ec5574f791d45b63c940cff20550f9a","H:\\NONAME [FAT32]\[unallocated space]\0829452"
"2f282b84e7e608d5852449ed940bfc51","2c2ceccb5ec5574f791d45b63c940cff20550f9a","H:\\NONAME [FAT32]\[unallocated space]\0832652"
"2f282b84e7e608d5852449ed940bfc51","2c2ceccb5ec5574f791d45b63c940cff20550f9a","H:\\NONAME [FAT32]\[unallocated space]\0835852"
"2f282b84e7e608d5852449ed940bfc51","2c2ceccb5ec5574f791d45b63c940cff20550f9a","H:\\NONAME [FAT32]\[unallocated space]\0839052"
"2f282b84e7e608d5852449ed940bfc51","2c2ceccb5ec5574f791d45b63c940cff20550f9a","H:\\NONAME [FAT32]\[unallocated space]\0842252"
"2f282b84e7e608d5852449ed940bfc51","2c2ceccb5ec5574f791d45b63c940cff20550f9a","H:\\NONAME [FAT32]\[unallocated space]\0845452"
"2f282b84e7e608d5852449ed940bfc51","2c2ceccb5ec5574f791d45b63c940cff20550f9a","H:\\NONAME [FAT32]\[unallocated space]\0848652"
"2f282b84e7e608d5852449ed940bfc51","2c2ceccb5ec5574f791d45b63c940cff20550f9a","H:\\NONAME [FAT32]\[unallocated space]\0851852"
"2f282b84e7e608d5852449ed940bfc51","2c2ceccb5ec5574f791d45b63c940cff20550f9a","H:\\NONAME [FAT32]\[unallocated space]\0855052"
"2f282b84e7e608d5852449ed940bfc51","2c2ceccb5ec5574f791d45b63c940cff20550f9a","H:\\NONAME [FAT32]\[unallocated space]\0858252"
"2f282b84e7e608d5852449ed940bfc51","2c2ceccb5ec5574f791d45b63c940cff20550f9a","H:\\NONAME [FAT32]\[unallocated space]\0861452"
"2f282b84e7e608d5852449ed940bfc51","2c2ceccb5ec5574f791d45b63c940cff20550f9a","H:\\NONAME [FAT32]\[unallocated space]\0864652"
"2f282b84e7e608d5852449ed940bfc51","2c2ceccb5ec5574f791d45b63c940cff20550f9a","H:\\NONAME [FAT32]\[unallocated space]\0867852"
"2f282b84e7e608d5852449ed940bfc51","2c2ceccb5ec5574f791d45b63c940cff20550f9a","H:\\NONAME [FAT32]\[unallocated space]\0871052"
"2f282b84e7e608d5852449ed940bfc51","2c2ceccb5ec5574f791d45b63c940cff20550f9a","H:\\NONAME [FAT32]\[unallocated space]\0874252"
"2f282b84e7e608d5852449ed940bfc51","2c2ceccb5ec5574f791d45b63c940cff20550f9a","H:\\NONAME [FAT32]\[unallocated space]\0877452"
"2f282b84e7e608d5852449ed940bfc51","2c2ceccb5ec5574f791d45b63c940cff20550f9a","H:\\NONAME [FAT32]\[unallocated space]\0880652"
"2f282b84e7e608d5852449ed940bfc51","2c2ceccb5ec5574f791d45b63c940cff20550f9a","H:\\NONAME [FAT32]\[unallocated space]\0883852"
"2f282b84e7e608d5852449ed940bfc51","2c2ceccb5ec5574f791d45b63c940cff20550f9a","H:\\NONAME [FAT32]\[unallocated space]\0887052"
"2f282b84e7e608d5852449ed940bfc51","2c2ceccb5ec5574f791d45b63c940cff20550f9a","H:\\NONAME [FAT32]\[unallocated space]\0890252"
"2f282b84e7e608d5852449ed940bfc51","2c2ceccb5ec5574f791d45b63c940cff20550f9a","H:\\NONAME [FAT32]\[unallocated space]\0893452"
"2f282b84e7e608d5852449ed940bfc51","2c2ceccb5ec5574f791d45b63c940cff20550f9a","H:\\NONAME [FAT32]\[unallocated space]\0896652"
"2f282b84e7e608d5852449ed940bfc51","2c2ceccb5ec5574f791d45b63c940cff20550f9a","H:\\NONAME [FAT32]\[unallocated space]\0899852"
"2f282b84e7e608d5852449ed940bfc51","2c2ceccb5ec5574f791d45b63c940cff20550f9a","H:\\NONAME [FAT32]\[unallocated space]\0903052"
"2f282b84e7e608d5852449ed940bfc51","2c2ceccb5ec5574f791d45b63c940cff20550f9a","H:\\NONAME [FAT32]\[unallocated space]\0906252"
"2f282b84e7e608d5852449ed940bfc51","2c2ceccb5ec5574f791d45b63c940cff20550f9a","H:\\NONAME [FAT32]\[unallocated space]\0909452"
"2f282b84e7e608d5852449ed940bfc51","2c2ceccb5ec5574f791d45b63c940cff20550f9a","H:\\NONAME [FAT32]\[unallocated space]\0912652"
"2f282b84e7e608d5852449ed940bfc51","2c2ceccb5ec5574f791d45b63c940cff20550f9a","H:\\NONAME [FAT32]\[unallocated space]\0915852"
"2f282b84e7e608d5852449ed940bfc51","2c2ceccb5ec5574f791d45b63c940cff20550f9a","H:\\NONAME [FAT32]\[unallocated space]\0919052"
"2f282b84e7e608d5852449ed940bfc51","2c2ceccb5ec5574f791d45b63c940cff20550f9a","H:\\NONAME [FAT32]\[unallocated space]\0922252"
"2f282b84e7e608d5852449ed940bfc51","2c2ceccb5ec5574f791d45b63c940cff20550f9a","H:\\NONAME [FAT32]\[unallocated space]\0925452"
"2f282b84e7e608d5852449ed940bfc51","2c2ceccb5ec5574f791d45b63c940cff20550f9a","H:\\NONAME [FAT32]\[unallocated space]\0928652"
"2f282b84e7e608d5852449ed940bfc51","2c2ceccb5ec5574f791d45b63c940cff20550f9a","H:\\NONAME [FAT32]\[unallocated space]\0931852"
"2f282b84e7e608d5852449ed940bfc51","2c2ceccb5ec5574f791d45b63c940cff20550f9a","H:\\NONAME [FAT32]\[unallocated space]\0935052"
"728dab96ddbef4bb714e8faad3b84c79","c0987fffef33a97674748188bfdd66a61b9ee22d","H:\\NONAME [FAT32]\[unallocated space]\0938252"
"d1698a4325879d1725a5dc312b64e4cf","6edaebec21c885c15abc398e088e3400efae1ae9","H:\\NONAME [FAT32]\[unallocated space]\0941452"
"d1698a4325879d1725a5dc312b64e4cf","6edaebec21c885c15abc398e088e3400efae1ae9","H:\\NONAME [FAT32]\[unallocated space]\0944652"
"d1698a4325879d1725a5dc312b64e4cf","6edaebec21c885c15abc398e088e3400efae1ae9","H:\\NONAME [FAT32]\[unallocated space]\0947852"
"d1698a4325879d1725a5dc312b64e4cf","6edaebec21c885c15abc398e088e3400efae1ae9","H:\\NONAME [FAT32]\[unallocated space]\0951052"
"ff5562dfe82cb7e482b3c1a8a670dddd","ab8a4abbe051fdde733390877e643908f6f332b0","H:\\NONAME [FAT32]\[unallocated space]\0954252"
"2f282b84e7e608d5852449ed940bfc51","2c2ceccb5ec5574f791d45b63c940cff20550f9a","H:\\NONAME [FAT32]\[unallocated space]\0957452"
"2f282b84e7e608d5852449ed940bfc51","2c2ceccb5ec5574f791d45b63c940cff20550f9a","H:\\NONAME [FAT32]\[unallocated space]\0960652"
"2f282b84e7e608d5852449ed940bfc51","2c2ceccb5ec5574f791d45b63c940cff20550f9a","H:\\NONAME [FAT32]\[unallocated space]\0963852"
"2f282b84e7e608d5852449ed940bfc51","2c2ceccb5ec5574f791d45b63c940cff20550f9a","H:\\NONAME [FAT32]\[unallocated space]\0967052"
"2f282b84e7e608d5852449ed940bfc51","2c2ceccb5ec5574f791d45b63c940cff20550f9a","H:\\NONAME [FAT32]\[unallocated space]\0970252"
"2f282b84e7e608d5852449ed940bfc51","2c2ceccb5ec5574f791d45b63c940cff20550f9a","H:\\NONAME [FAT32]\[unallocated space]\0973452"
"2f282b84e7e608d5852449ed940bfc51","2c2ceccb5ec5574f791d45b63c940cff20550f9a","H:\\NONAME [FAT32]\[unallocated space]\0976652"
"2f282b84e7e608d5852449ed940bfc51","2c2ceccb5ec5574f791d45b63c940cff20550f9a","H:\\NONAME [FAT32]\[unallocated space]\0979852"
"2f282b84e7e608d5852449ed940bfc51","2c2ceccb5ec5574f791d45b63c940cff20550f9a","H:\\NONAME [FAT32]\[unallocated space]\0983052"
"2f282b84e7e608d5852449ed940bfc51","2c2ceccb5ec5574f791d45b63c940cff20550f9a","H:\\NONAME [FAT32]\[unallocated space]\0986252"
"2f282b84e7e608d5852449ed940bfc51","2c2ceccb5ec5574f791d45b63c940cff20550f9a","H:\\NONAME [FAT32]\[unallocated space]\0989452"
"2f282b84e7e608d5852449ed940bfc51","2c2ceccb5ec5574f791d45b63c940cff20550f9a","H:\\NONAME [FAT32]\[unallocated space]\0992652"
"2f282b84e7e608d5852449ed940bfc51","2c2ceccb5ec5574f791d45b63c940cff20550f9a","H:\\NONAME [FAT32]\[unallocated space]\0995852"
"2f282b84e7e608d5852449ed940bfc51","2c2ceccb5ec5574f791d45b63c940cff20550f9a","H:\\NONAME [FAT32]\[unallocated space]\0999052"
"2f282b84e7e608d5852449ed940bfc51","2c2ceccb5ec5574f791d45b63c940cff20550f9a","H:\\NONAME [FAT32]\[unallocated space]\1002252"
"2f282b84e7e608d5852449ed940bfc51","2c2ceccb5ec5574f791d45b63c940cff20550f9a","H:\\NONAME [FAT32]\[unallocated space]\1005452"
"2f282b84e7e608d5852449ed940bfc51","2c2ceccb5ec5574f791d45b63c940cff20550f9a","H:\\NONAME [FAT32]\[unallocated space]\1008652"
"2f282b84e7e608d5852449ed940bfc51","2c2ceccb5ec5574f791d45b63c940cff20550f9a","H:\\NONAME [FAT32]\[unallocated space]\1011852"
"2f282b84e7e608d5852449ed940bfc51","2c2ceccb5ec5574f791d45b63c940cff20550f9a","H:\\NONAME [FAT32]\[unallocated space]\1015052"
"2f282b84e7e608d5852449ed940bfc51","2c2ceccb5ec5574f791d45b63c940cff20550f9a","H:\\NONAME [FAT32]\[unallocated space]\1018252"
"2f282b84e7e608d5852449ed940bfc51","2c2ceccb5ec5574f791d45b63c940cff20550f9a","H:\\NONAME [FAT32]\[unallocated space]\1021452"
"2f282b84e7e608d5852449ed940bfc51","2c2ceccb5ec5574f791d45b63c940cff20550f9a","H:\\NONAME [FAT32]\[unallocated space]\1024652"
"2f282b84e7e608d5852449ed940bfc51","2c2ceccb5ec5574f791d45b63c940cff20550f9a","H:\\NONAME [FAT32]\[unallocated space]\1027852"
"2f282b84e7e608d5852449ed940bfc51","2c2ceccb5ec5574f791d45b63c940cff20550f9a","H:\\NONAME [FAT32]\[unallocated space]\1031052"
"2f282b84e7e608d5852449ed940bfc51","2c2ceccb5ec5574f791d45b63c940cff20550f9a","H:\\NONAME [FAT32]\[unallocated space]\1034252"
"2f282b84e7e608d5852449ed940bfc51","2c2ceccb5ec5574f791d45b63c940cff20550f9a","H:\\NONAME [FAT32]\[unallocated space]\1037452"
"2f282b84e7e608d5852449ed940bfc51","2c2ceccb5ec5574f791d45b63c940cff20550f9a","H:\\NONAME [FAT32]\[unallocated space]\1040652"
"2f282b84e7e608d5852449ed940bfc51","2c2ceccb5ec5574f791d45b63c940cff20550f9a","H:\\NONAME [FAT32]\[unallocated space]\1043852"
"2f282b84e7e608d5852449ed940bfc51","2c2ceccb5ec5574f791d45b63c940cff20550f9a","H:\\NONAME [FAT32]\[unallocated space]\1047052"
"2f282b84e7e608d5852449ed940bfc51","2c2ceccb5ec5574f791d45b63c940cff20550f9a","H:\\NONAME [FAT32]\[unallocated space]\1050252"
"2f282b84e7e608d5852449ed940bfc51","2c2ceccb5ec5574f791d45b63c940cff20550f9a","H:\\NONAME [FAT32]\[unallocated space]\1053452"
"2f282b84e7e608d5852449ed940bfc51","2c2ceccb5ec5574f791d45b63c940cff20550f9a","H:\\NONAME [FAT32]\[unallocated space]\1056652"
"2f282b84e7e608d5852449ed940bfc51","2c2ceccb5ec5574f791d45b63c940cff20550f9a","H:\\NONAME [FAT32]\[unallocated space]\1059852"
"2f282b84e7e608d5852449ed940bfc51","2c2ceccb5ec5574f791d45b63c940cff20550f9a","H:\\NONAME [FAT32]\[unallocated space]\1063052"
"2f282b84e7e608d5852449ed940bfc51","2c2ceccb5ec5574f791d45b63c940cff20550f9a","H:\\NONAME [FAT32]\[unallocated space]\1066252"
"2f282b84e7e608d5852449ed940bfc51","2c2ceccb5ec5574f791d45b63c940cff20550f9a","H:\\NONAME [FAT32]\[unallocated space]\1069452"
"2f282b84e7e608d5852449ed940bfc51","2c2ceccb5ec5574f791d45b63c940cff20550f9a","H:\\NONAME [FAT32]\[unallocated space]\1072652"
"2f282b84e7e608d5852449ed940bfc51","2c2ceccb5ec5574f791d45b63c940cff20550f9a","H:\\NONAME [FAT32]\[unallocated space]\1075852"
"2f282b84e7e608d5852449ed940bfc51","2c2ceccb5ec5574f791d45b63c940cff20550f9a","H:\\NONAME [FAT32]\[unallocated space]\1079052"
"2f282b84e7e608d5852449ed940bfc51","2c2ceccb5ec5574f791d45b63c940cff20550f9a","H:\\NONAME [FAT32]\[unallocated space]\1082252"
"2f282b84e7e608d5852449ed940bfc51","2c2ceccb5ec5574f791d45b63c940cff20550f9a","H:\\NONAME [FAT32]\[unallocated space]\1085452"
"2f282b84e7e608d5852449ed940bfc51","2c2ceccb5ec5574f791d45b63c940cff20550f9a","H:\\NONAME [FAT32]\[unallocated space]\1088652"
"2f282b84e7e608d5852449ed940bfc51","2c2ceccb5ec5574f791d45b63c940cff20550f9a","H:\\NONAME [FAT32]\[unallocated space]\1091852"
"2f282b84e7e608d5852449ed940bfc51","2c2ceccb5ec5574f791d45b63c940cff20550f9a","H:\\NONAME [FAT32]\[unallocated space]\1095052"
"2f282b84e7e608d5852449ed940bfc51","2c2ceccb5ec5574f791d45b63c940cff20550f9a","H:\\NONAME [FAT32]\[unallocated space]\1098252"
"2f282b84e7e608d5852449ed940bfc51","2c2ceccb5ec5574f791d45b63c940cff20550f9a","H:\\NONAME [FAT32]\[unallocated space]\1101452"
"2f282b84e7e608d5852449ed940bfc51","2c2ceccb5ec5574f791d45b63c940cff20550f9a","H:\\NONAME [FAT32]\[unallocated space]\1104652"
"2f282b84e7e608d5852449ed940bfc51","2c2ceccb5ec5574f791d45b63c940cff20550f9a","H:\\NONAME [FAT32]\[unallocated space]\1107852"
"2f282b84e7e608d5852449ed940bfc51","2c2ceccb5ec5574f791d45b63c940cff20550f9a","H:\\NONAME [FAT32]\[unallocated space]\1111052"
"2f282b84e7e608d5852449ed940bfc51","2c2ceccb5ec5574f791d45b63c940cff20550f9a","H:\\NONAME [FAT32]\[unallocated space]\1114252"
"2f282b84e7e608d5852449ed940bfc51","2c2ceccb5ec5574f791d45b63c940cff20550f9a","H:\\NONAME [FAT32]\[unallocated space]\1117452"
"2f282b84e7e608d5852449ed940bfc51","2c2ceccb5ec5574f791d45b63c940cff20550f9a","H:\\NONAME [FAT32]\[unallocated space]\1120652"
"2f282b84e7e608d5852449ed940bfc51","2c2ceccb5ec5574f791d45b63c940cff20550f9a","H:\\NONAME [FAT32]\[unallocated space]\1123852"
"2f282b84e7e608d5852449ed940bfc51","2c2ceccb5ec5574f791d45b63c940cff20550f9a","H:\\NONAME [FAT32]\[unallocated space]\1127052"
"2f282b84e7e608d5852449ed940bfc51","2c2ceccb5ec5574f791d45b63c940cff20550f9a","H:\\NONAME [FAT32]\[unallocated space]\1130252"
"2f282b84e7e608d5852449ed940bfc51","2c2ceccb5ec5574f791d45b63c940cff20550f9a","H:\\NONAME [FAT32]\[unallocated space]\1133452"
"2f282b84e7e608d5852449ed940bfc51","2c2ceccb5ec5574f791d45b63c940cff20550f9a","H:\\NONAME [FAT32]\[unallocated space]\1136652"
"2f282b84e7e608d5852449ed940bfc51","2c2ceccb5ec5574f791d45b63c940cff20550f9a","H:\\NONAME [FAT32]\[unallocated space]\1139852"
"2f282b84e7e608d5852449ed940bfc51","2c2ceccb5ec5574f791d45b63c940cff20550f9a","H:\\NONAME [FAT32]\[unallocated space]\1143052"
"2f282b84e7e608d5852449ed940bfc51","2c2ceccb5ec5574f791d45b63c940cff20550f9a","H:\\NONAME [FAT32]\[unallocated space]\1146252"
"2f282b84e7e608d5852449ed940bfc51","2c2ceccb5ec5574f791d45b63c940cff20550f9a","H:\\NONAME [FAT32]\[unallocated space]\1149452"
"2f282b84e7e608d5852449ed940bfc51","2c2ceccb5ec5574f791d45b63c940cff20550f9a","H:\\NONAME [FAT32]\[unallocated space]\1152652"
"2f282b84e7e608d5852449ed940bfc51","2c2ceccb5ec5574f791d45b63c940cff20550f9a","H:\\NONAME [FAT32]\[unallocated space]\1155852"
"2f282b84e7e608d5852449ed940bfc51","2c2ceccb5ec5574f791d45b63c940cff20550f9a","H:\\NONAME [FAT32]\[unallocated space]\1159052"
"2f282b84e7e608d5852449ed940bfc51","2c2ceccb5ec5574f791d45b63c940cff20550f9a","H:\\NONAME [FAT32]\[unallocated space]\1162252"
"2f282b84e7e608d5852449ed940bfc51","2c2ceccb5ec5574f791d45b63c940cff20550f9a","H:\\NONAME [FAT32]\[unallocated space]\1165452"
"2f282b84e7e608d5852449ed940bfc51","2c2ceccb5ec5574f791d45b63c940cff20550f9a","H:\\NONAME [FAT32]\[unallocated space]\1168652"
"2f282b84e7e608d5852449ed940bfc51","2c2ceccb5ec5574f791d45b63c940cff20550f9a","H:\\NONAME [FAT32]\[unallocated space]\1171852"
"2f282b84e7e608d5852449ed940bfc51","2c2ceccb5ec5574f791d45b63c940cff20550f9a","H:\\NONAME [FAT32]\[unallocated space]\1175052"
"2f282b84e7e608d5852449ed940bfc51","2c2ceccb5ec5574f791d45b63c940cff20550f9a","H:\\NONAME [FAT32]\[unallocated space]\1178252"
"2f282b84e7e608d5852449ed940bfc51","2c2ceccb5ec5574f791d45b63c940cff20550f9a","H:\\NONAME [FAT32]\[unallocated space]\1181452"
"2f282b84e7e608d5852449ed940bfc51","2c2ceccb5ec5574f791d45b63c940cff20550f9a","H:\\NONAME [FAT32]\[unallocated space]\1184652"
"2f282b84e7e608d5852449ed940bfc51","2c2ceccb5ec5574f791d45b63c940cff20550f9a","H:\\NONAME [FAT32]\[unallocated space]\1187852"
"2f282b84e7e608d5852449ed940bfc51","2c2ceccb5ec5574f791d45b63c940cff20550f9a","H:\\NONAME [FAT32]\[unallocated space]\1191052"
"2f282b84e7e608d5852449ed940bfc51","2c2ceccb5ec5574f791d45b63c940cff20550f9a","H:\\NONAME [FAT32]\[unallocated space]\1194252"
"2f282b84e7e608d5852449ed940bfc51","2c2ceccb5ec5574f791d45b63c940cff20550f9a","H:\\NONAME [FAT32]\[unallocated space]\1197452"
"2f282b84e7e608d5852449ed940bfc51","2c2ceccb5ec5574f791d45b63c940cff20550f9a","H:\\NONAME [FAT32]\[unallocated space]\1200652"
"2f282b84e7e608d5852449ed940bfc51","2c2ceccb5ec5574f791d45b63c940cff20550f9a","H:\\NONAME [FAT32]\[unallocated space]\1203852"
"2f282b84e7e608d5852449ed940bfc51","2c2ceccb5ec5574f791d45b63c940cff20550f9a","H:\\NONAME [FAT32]\[unallocated space]\1207052"
"2f282b84e7e608d5852449ed940bfc51","2c2ceccb5ec5574f791d45b63c940cff20550f9a","H:\\NONAME [FAT32]\[unallocated space]\1210252"
"2f282b84e7e608d5852449ed940bfc51","2c2ceccb5ec5574f791d45b63c940cff20550f9a","H:\\NONAME [FAT32]\[unallocated space]\1213452"
"2f282b84e7e608d5852449ed940bfc51","2c2ceccb5ec5574f791d45b63c940cff20550f9a","H:\\NONAME [FAT32]\[unallocated space]\1216652"
"2f282b84e7e608d5852449ed940bfc51","2c2ceccb5ec5574f791d45b63c940cff20550f9a","H:\\NONAME [FAT32]\[unallocated space]\1219852"
"2f282b84e7e608d5852449ed940bfc51","2c2ceccb5ec5574f791d45b63c940cff20550f9a","H:\\NONAME [FAT32]\[unallocated space]\1223052"
"2f282b84e7e608d5852449ed940bfc51","2c2ceccb5ec5574f791d45b63c940cff20550f9a","H:\\NONAME [FAT32]\[unallocated space]\1226252"
"2f282b84e7e608d5852449ed940bfc51","2c2ceccb5ec5574f791d45b63c940cff20550f9a","H:\\NONAME [FAT32]\[unallocated space]\1229452"
"2f282b84e7e608d5852449ed940bfc51","2c2ceccb5ec5574f791d45b63c940cff20550f9a","H:\\NONAME [FAT32]\[unallocated space]\1232652"
"2f282b84e7e608d5852449ed940bfc51","2c2ceccb5ec5574f791d45b63c940cff20550f9a","H:\\NONAME [FAT32]\[unallocated space]\1235852"
"2f282b84e7e608d5852449ed940bfc51","2c2ceccb5ec5574f791d45b63c940cff20550f9a","H:\\NONAME [FAT32]\[unallocated space]\1239052"
"2f282b84e7e608d5852449ed940bfc51","2c2ceccb5ec5574f791d45b63c940cff20550f9a","H:\\NONAME [FAT32]\[unallocated space]\1242252"
"2f282b84e7e608d5852449ed940bfc51","2c2ceccb5ec5574f791d45b63c940cff20550f9a","H:\\NONAME [FAT32]\[unallocated space]\1245452"
"2f282b84e7e608d5852449ed940bfc51","2c2ceccb5ec5574f791d45b63c940cff20550f9a","H:\\NONAME [FAT32]\[unallocated space]\1248652"
"2f282b84e7e608d5852449ed940bfc51","2c2ceccb5ec5574f791d45b63c940cff20550f9a","H:\\NONAME [FAT32]\[unallocated space]\1251852"
"2f282b84e7e608d5852449ed940bfc51","2c2ceccb5ec5574f791d45b63c940cff20550f9a","H:\\NONAME [FAT32]\[unallocated space]\1255052"
"2f282b84e7e608d5852449ed940bfc51","2c2ceccb5ec5574f791d45b63c940cff20550f9a","H:\\NONAME [FAT32]\[unallocated space]\1258252"
"2f282b84e7e608d5852449ed940bfc51","2c2ceccb5ec5574f791d45b63c940cff20550f9a","H:\\NONAME [FAT32]\[unallocated space]\1261452"
"2f282b84e7e608d5852449ed940bfc51","2c2ceccb5ec5574f791d45b63c940cff20550f9a","H:\\NONAME [FAT32]\[unallocated space]\1264652"
"2f282b84e7e608d5852449ed940bfc51","2c2ceccb5ec5574f791d45b63c940cff20550f9a","H:\\NONAME [FAT32]\[unallocated space]\1267852"
"2f282b84e7e608d5852449ed940bfc51","2c2ceccb5ec5574f791d45b63c940cff20550f9a","H:\\NONAME [FAT32]\[unallocated space]\1271052"
"2f282b84e7e608d5852449ed940bfc51","2c2ceccb5ec5574f791d45b63c940cff20550f9a","H:\\NONAME [FAT32]\[unallocated space]\1274252"
"2f282b84e7e608d5852449ed940bfc51","2c2ceccb5ec5574f791d45b63c940cff20550f9a","H:\\NONAME [FAT32]\[unallocated space]\1277452"
"2f282b84e7e608d5852449ed940bfc51","2c2ceccb5ec5574f791d45b63c940cff20550f9a","H:\\NONAME [FAT32]\[unallocated space]\1280652"
"2f282b84e7e608d5852449ed940bfc51","2c2ceccb5ec5574f791d45b63c940cff20550f9a","H:\\NONAME [FAT32]\[unallocated space]\1283852"
"2f282b84e7e608d5852449ed940bfc51","2c2ceccb5ec5574f791d45b63c940cff20550f9a","H:\\NONAME [FAT32]\[unallocated space]\1287052"
"2f282b84e7e608d5852449ed940bfc51","2c2ceccb5ec5574f791d45b63c940cff20550f9a","H:\\NONAME [FAT32]\[unallocated space]\1290252"
"2f282b84e7e608d5852449ed940bfc51","2c2ceccb5ec5574f791d45b63c940cff20550f9a","H:\\NONAME [FAT32]\[unallocated space]\1293452"
"2f282b84e7e608d5852449ed940bfc51","2c2ceccb5ec5574f791d45b63c940cff20550f9a","H:\\NONAME [FAT32]\[unallocated space]\1296652"
"2f282b84e7e608d5852449ed940bfc51","2c2ceccb5ec5574f791d45b63c940cff20550f9a","H:\\NONAME [FAT32]\[unallocated space]\1299852"
"2f282b84e7e608d5852449ed940bfc51","2c2ceccb5ec5574f791d45b63c940cff20550f9a","H:\\NONAME [FAT32]\[unallocated space]\1303052"
"2f282b84e7e608d5852449ed940bfc51","2c2ceccb5ec5574f791d45b63c940cff20550f9a","H:\\NONAME [FAT32]\[unallocated space]\1306252"
"2f282b84e7e608d5852449ed940bfc51","2c2ceccb5ec5574f791d45b63c940cff20550f9a","H:\\NONAME [FAT32]\[unallocated space]\1309452"
"2f282b84e7e608d5852449ed940bfc51","2c2ceccb5ec5574f791d45b63c940cff20550f9a","H:\\NONAME [FAT32]\[unallocated space]\1312652"
"2f282b84e7e608d5852449ed940bfc51","2c2ceccb5ec5574f791d45b63c940cff20550f9a","H:\\NONAME [FAT32]\[unallocated space]\1315852"
"2f282b84e7e608d5852449ed940bfc51","2c2ceccb5ec5574f791d45b63c940cff20550f9a","H:\\NONAME [FAT32]\[unallocated space]\1319052"
"2f282b84e7e608d5852449ed940bfc51","2c2ceccb5ec5574f791d45b63c940cff20550f9a","H:\\NONAME [FAT32]\[unallocated space]\1322252"
"2f282b84e7e608d5852449ed940bfc51","2c2ceccb5ec5574f791d45b63c940cff20550f9a","H:\\NONAME [FAT32]\[unallocated space]\1325452"
"2f282b84e7e608d5852449ed940bfc51","2c2ceccb5ec5574f791d45b63c940cff20550f9a","H:\\NONAME [FAT32]\[unallocated space]\1328652"
"2f282b84e7e608d5852449ed940bfc51","2c2ceccb5ec5574f791d45b63c940cff20550f9a","H:\\NONAME [FAT32]\[unallocated space]\1331852"
"2f282b84e7e608d5852449ed940bfc51","2c2ceccb5ec5574f791d45b63c940cff20550f9a","H:\\NONAME [FAT32]\[unallocated space]\1335052"
"2f282b84e7e608d5852449ed940bfc51","2c2ceccb5ec5574f791d45b63c940cff20550f9a","H:\\NONAME [FAT32]\[unallocated space]\1338252"
"2f282b84e7e608d5852449ed940bfc51","2c2ceccb5ec5574f791d45b63c940cff20550f9a","H:\\NONAME [FAT32]\[unallocated space]\1341452"
"2f282b84e7e608d5852449ed940bfc51","2c2ceccb5ec5574f791d45b63c940cff20550f9a","H:\\NONAME [FAT32]\[unallocated space]\1344652"
"2f282b84e7e608d5852449ed940bfc51","2c2ceccb5ec5574f791d45b63c940cff20550f9a","H:\\NONAME [FAT32]\[unallocated space]\1347852"
"2f282b84e7e608d5852449ed940bfc51","2c2ceccb5ec5574f791d45b63c940cff20550f9a","H:\\NONAME [FAT32]\[unallocated space]\1351052"
"2f282b84e7e608d5852449ed940bfc51","2c2ceccb5ec5574f791d45b63c940cff20550f9a","H:\\NONAME [FAT32]\[unallocated space]\1354252"
"2f282b84e7e608d5852449ed940bfc51","2c2ceccb5ec5574f791d45b63c940cff20550f9a","H:\\NONAME [FAT32]\[unallocated space]\1357452"
"2f282b84e7e608d5852449ed940bfc51","2c2ceccb5ec5574f791d45b63c940cff20550f9a","H:\\NONAME [FAT32]\[unallocated space]\1360652"
"2f282b84e7e608d5852449ed940bfc51","2c2ceccb5ec5574f791d45b63c940cff20550f9a","H:\\NONAME [FAT32]\[unallocated space]\1363852"
"2f282b84e7e608d5852449ed940bfc51","2c2ceccb5ec5574f791d45b63c940cff20550f9a","H:\\NONAME [FAT32]\[unallocated space]\1367052"
"2f282b84e7e608d5852449ed940bfc51","2c2ceccb5ec5574f791d45b63c940cff20550f9a","H:\\NONAME [FAT32]\[unallocated space]\1370252"
"2f282b84e7e608d5852449ed940bfc51","2c2ceccb5ec5574f791d45b63c940cff20550f9a","H:\\NONAME [FAT32]\[unallocated space]\1373452"
"2f282b84e7e608d5852449ed940bfc51","2c2ceccb5ec5574f791d45b63c940cff20550f9a","H:\\NONAME [FAT32]\[unallocated space]\1376652"
"2f282b84e7e608d5852449ed940bfc51","2c2ceccb5ec5574f791d45b63c940cff20550f9a","H:\\NONAME [FAT32]\[unallocated space]\1379852"
"2f282b84e7e608d5852449ed940bfc51","2c2ceccb5ec5574f791d45b63c940cff20550f9a","H:\\NONAME [FAT32]\[unallocated space]\1383052"
"2f282b84e7e608d5852449ed940bfc51","2c2ceccb5ec5574f791d45b63c940cff20550f9a","H:\\NONAME [FAT32]\[unallocated space]\1386252"
"2f282b84e7e608d5852449ed940bfc51","2c2ceccb5ec5574f791d45b63c940cff20550f9a","H:\\NONAME [FAT32]\[unallocated space]\1389452"
"2f282b84e7e608d5852449ed940bfc51","2c2ceccb5ec5574f791d45b63c940cff20550f9a","H:\\NONAME [FAT32]\[unallocated space]\1392652"
"2f282b84e7e608d5852449ed940bfc51","2c2ceccb5ec5574f791d45b63c940cff20550f9a","H:\\NONAME [FAT32]\[unallocated space]\1395852"
"2f282b84e7e608d5852449ed940bfc51","2c2ceccb5ec5574f791d45b63c940cff20550f9a","H:\\NONAME [FAT32]\[unallocated space]\1399052"
"2f282b84e7e608d5852449ed940bfc51","2c2ceccb5ec5574f791d45b63c940cff20550f9a","H:\\NONAME [FAT32]\[unallocated space]\1402252"
"2f282b84e7e608d5852449ed940bfc51","2c2ceccb5ec5574f791d45b63c940cff20550f9a","H:\\NONAME [FAT32]\[unallocated space]\1405452"
"2f282b84e7e608d5852449ed940bfc51","2c2ceccb5ec5574f791d45b63c940cff20550f9a","H:\\NONAME [FAT32]\[unallocated space]\1408652"
"2f282b84e7e608d5852449ed940bfc51","2c2ceccb5ec5574f791d45b63c940cff20550f9a","H:\\NONAME [FAT32]\[unallocated space]\1411852"
"2f282b84e7e608d5852449ed940bfc51","2c2ceccb5ec5574f791d45b63c940cff20550f9a","H:\\NONAME [FAT32]\[unallocated space]\1415052"
"2f282b84e7e608d5852449ed940bfc51","2c2ceccb5ec5574f791d45b63c940cff20550f9a","H:\\NONAME [FAT32]\[unallocated space]\1418252"
"2f282b84e7e608d5852449ed940bfc51","2c2ceccb5ec5574f791d45b63c940cff20550f9a","H:\\NONAME [FAT32]\[unallocated space]\1421452"
"2f282b84e7e608d5852449ed940bfc51","2c2ceccb5ec5574f791d45b63c940cff20550f9a","H:\\NONAME [FAT32]\[unallocated space]\1424652"
"2f282b84e7e608d5852449ed940bfc51","2c2ceccb5ec5574f791d45b63c940cff20550f9a","H:\\NONAME [FAT32]\[unallocated space]\1427852"
"2f282b84e7e608d5852449ed940bfc51","2c2ceccb5ec5574f791d45b63c940cff20550f9a","H:\\NONAME [FAT32]\[unallocated space]\1431052"
"2f282b84e7e608d5852449ed940bfc51","2c2ceccb5ec5574f791d45b63c940cff20550f9a","H:\\NONAME [FAT32]\[unallocated space]\1434252"
"2f282b84e7e608d5852449ed940bfc51","2c2ceccb5ec5574f791d45b63c940cff20550f9a","H:\\NONAME [FAT32]\[unallocated space]\1437452"
"2f282b84e7e608d5852449ed940bfc51","2c2ceccb5ec5574f791d45b63c940cff20550f9a","H:\\NONAME [FAT32]\[unallocated space]\1440652"
"2f282b84e7e608d5852449ed940bfc51","2c2ceccb5ec5574f791d45b63c940cff20550f9a","H:\\NONAME [FAT32]\[unallocated space]\1443852"
"2f282b84e7e608d5852449ed940bfc51","2c2ceccb5ec5574f791d45b63c940cff20550f9a","H:\\NONAME [FAT32]\[unallocated space]\1447052"
"2f282b84e7e608d5852449ed940bfc51","2c2ceccb5ec5574f791d45b63c940cff20550f9a","H:\\NONAME [FAT32]\[unallocated space]\1450252"
"2f282b84e7e608d5852449ed940bfc51","2c2ceccb5ec5574f791d45b63c940cff20550f9a","H:\\NONAME [FAT32]\[unallocated space]\1453452"
"2f282b84e7e608d5852449ed940bfc51","2c2ceccb5ec5574f791d45b63c940cff20550f9a","H:\\NONAME [FAT32]\[unallocated space]\1456652"
"2f282b84e7e608d5852449ed940bfc51","2c2ceccb5ec5574f791d45b63c940cff20550f9a","H:\\NONAME [FAT32]\[unallocated space]\1459852"
"2f282b84e7e608d5852449ed940bfc51","2c2ceccb5ec5574f791d45b63c940cff20550f9a","H:\\NONAME [FAT32]\[unallocated space]\1463052"
"2f282b84e7e608d5852449ed940bfc51","2c2ceccb5ec5574f791d45b63c940cff20550f9a","H:\\NONAME [FAT32]\[unallocated space]\1466252"
"2f282b84e7e608d5852449ed940bfc51","2c2ceccb5ec5574f791d45b63c940cff20550f9a","H:\\NONAME [FAT32]\[unallocated space]\1469452"
"2f282b84e7e608d5852449ed940bfc51","2c2ceccb5ec5574f791d45b63c940cff20550f9a","H:\\NONAME [FAT32]\[unallocated space]\1472652"
"2f282b84e7e608d5852449ed940bfc51","2c2ceccb5ec5574f791d45b63c940cff20550f9a","H:\\NONAME [FAT32]\[unallocated space]\1475852"
"2f282b84e7e608d5852449ed940bfc51","2c2ceccb5ec5574f791d45b63c940cff20550f9a","H:\\NONAME [FAT32]\[unallocated space]\1479052"
"2f282b84e7e608d5852449ed940bfc51","2c2ceccb5ec5574f791d45b63c940cff20550f9a","H:\\NONAME [FAT32]\[unallocated space]\1482252"
"2f282b84e7e608d5852449ed940bfc51","2c2ceccb5ec5574f791d45b63c940cff20550f9a","H:\\NONAME [FAT32]\[unallocated space]\1485452"
"2f282b84e7e608d5852449ed940bfc51","2c2ceccb5ec5574f791d45b63c940cff20550f9a","H:\\NONAME [FAT32]\[unallocated space]\1488652"
"2f282b84e7e608d5852449ed940bfc51","2c2ceccb5ec5574f791d45b63c940cff20550f9a","H:\\NONAME [FAT32]\[unallocated space]\1491852"
"2f282b84e7e608d5852449ed940bfc51","2c2ceccb5ec5574f791d45b63c940cff20550f9a","H:\\NONAME [FAT32]\[unallocated space]\1495052"
"2f282b84e7e608d5852449ed940bfc51","2c2ceccb5ec5574f791d45b63c940cff20550f9a","H:\\NONAME [FAT32]\[unallocated space]\1498252"
"2f282b84e7e608d5852449ed940bfc51","2c2ceccb5ec5574f791d45b63c940cff20550f9a","H:\\NONAME [FAT32]\[unallocated space]\1501452"
"2f282b84e7e608d5852449ed940bfc51","2c2ceccb5ec5574f791d45b63c940cff20550f9a","H:\\NONAME [FAT32]\[unallocated space]\1504652"
"2f282b84e7e608d5852449ed940bfc51","2c2ceccb5ec5574f791d45b63c940cff20550f9a","H:\\NONAME [FAT32]\[unallocated space]\1507852"
"2f282b84e7e608d5852449ed940bfc51","2c2ceccb5ec5574f791d45b63c940cff20550f9a","H:\\NONAME [FAT32]\[unallocated space]\1511052"
"2f282b84e7e608d5852449ed940bfc51","2c2ceccb5ec5574f791d45b63c940cff20550f9a","H:\\NONAME [FAT32]\[unallocated space]\1514252"
"2f282b84e7e608d5852449ed940bfc51","2c2ceccb5ec5574f791d45b63c940cff20550f9a","H:\\NONAME [FAT32]\[unallocated space]\1517452"
"2f282b84e7e608d5852449ed940bfc51","2c2ceccb5ec5574f791d45b63c940cff20550f9a","H:\\NONAME [FAT32]\[unallocated space]\1520652"
"2f282b84e7e608d5852449ed940bfc51","2c2ceccb5ec5574f791d45b63c940cff20550f9a","H:\\NONAME [FAT32]\[unallocated space]\1523852"
"2f282b84e7e608d5852449ed940bfc51","2c2ceccb5ec5574f791d45b63c940cff20550f9a","H:\\NONAME [FAT32]\[unallocated space]\1527052"
"2f282b84e7e608d5852449ed940bfc51","2c2ceccb5ec5574f791d45b63c940cff20550f9a","H:\\NONAME [FAT32]\[unallocated space]\1530252"
"2f282b84e7e608d5852449ed940bfc51","2c2ceccb5ec5574f791d45b63c940cff20550f9a","H:\\NONAME [FAT32]\[unallocated space]\1533452"
"2f282b84e7e608d5852449ed940bfc51","2c2ceccb5ec5574f791d45b63c940cff20550f9a","H:\\NONAME [FAT32]\[unallocated space]\1536652"
"2f282b84e7e608d5852449ed940bfc51","2c2ceccb5ec5574f791d45b63c940cff20550f9a","H:\\NONAME [FAT32]\[unallocated space]\1539852"
"2f282b84e7e608d5852449ed940bfc51","2c2ceccb5ec5574f791d45b63c940cff20550f9a","H:\\NONAME [FAT32]\[unallocated space]\1543052"
"2f282b84e7e608d5852449ed940bfc51","2c2ceccb5ec5574f791d45b63c940cff20550f9a","H:\\NONAME [FAT32]\[unallocated space]\1546252"
"2f282b84e7e608d5852449ed940bfc51","2c2ceccb5ec5574f791d45b63c940cff20550f9a","H:\\NONAME [FAT32]\[unallocated space]\1549452"
"2f282b84e7e608d5852449ed940bfc51","2c2ceccb5ec5574f791d45b63c940cff20550f9a","H:\\NONAME [FAT32]\[unallocated space]\1552652"
"2f282b84e7e608d5852449ed940bfc51","2c2ceccb5ec5574f791d45b63c940cff20550f9a","H:\\NONAME [FAT32]\[unallocated space]\1555852"
"2f282b84e7e608d5852449ed940bfc51","2c2ceccb5ec5574f791d45b63c940cff20550f9a","H:\\NONAME [FAT32]\[unallocated space]\1559052"
"2f282b84e7e608d5852449ed940bfc51","2c2ceccb5ec5574f791d45b63c940cff20550f9a","H:\\NONAME [FAT32]\[unallocated space]\1562252"
"2f282b84e7e608d5852449ed940bfc51","2c2ceccb5ec5574f791d45b63c940cff20550f9a","H:\\NONAME [FAT32]\[unallocated space]\1565452"
"2f282b84e7e608d5852449ed940bfc51","2c2ceccb5ec5574f791d45b63c940cff20550f9a","H:\\NONAME [FAT32]\[unallocated space]\1568652"
"2f282b84e7e608d5852449ed940bfc51","2c2ceccb5ec5574f791d45b63c940cff20550f9a","H:\\NONAME [FAT32]\[unallocated space]\1571852"
"2f282b84e7e608d5852449ed940bfc51","2c2ceccb5ec5574f791d45b63c940cff20550f9a","H:\\NONAME [FAT32]\[unallocated space]\1575052"
"2f282b84e7e608d5852449ed940bfc51","2c2ceccb5ec5574f791d45b63c940cff20550f9a","H:\\NONAME [FAT32]\[unallocated space]\1578252"
"2f282b84e7e608d5852449ed940bfc51","2c2ceccb5ec5574f791d45b63c940cff20550f9a","H:\\NONAME [FAT32]\[unallocated space]\1581452"
"2f282b84e7e608d5852449ed940bfc51","2c2ceccb5ec5574f791d45b63c940cff20550f9a","H:\\NONAME [FAT32]\[unallocated space]\1584652"
"2f282b84e7e608d5852449ed940bfc51","2c2ceccb5ec5574f791d45b63c940cff20550f9a","H:\\NONAME [FAT32]\[unallocated space]\1587852"
"2f282b84e7e608d5852449ed940bfc51","2c2ceccb5ec5574f791d45b63c940cff20550f9a","H:\\NONAME [FAT32]\[unallocated space]\1591052"
"2f282b84e7e608d5852449ed940bfc51","2c2ceccb5ec5574f791d45b63c940cff20550f9a","H:\\NONAME [FAT32]\[unallocated space]\1594252"
"2f282b84e7e608d5852449ed940bfc51","2c2ceccb5ec5574f791d45b63c940cff20550f9a","H:\\NONAME [FAT32]\[unallocated space]\1597452"
"2f282b84e7e608d5852449ed940bfc51","2c2ceccb5ec5574f791d45b63c940cff20550f9a","H:\\NONAME [FAT32]\[unallocated space]\1600652"
"2f282b84e7e608d5852449ed940bfc51","2c2ceccb5ec5574f791d45b63c940cff20550f9a","H:\\NONAME [FAT32]\[unallocated space]\1603852"
"2f282b84e7e608d5852449ed940bfc51","2c2ceccb5ec5574f791d45b63c940cff20550f9a","H:\\NONAME [FAT32]\[unallocated space]\1607052"
"2f282b84e7e608d5852449ed940bfc51","2c2ceccb5ec5574f791d45b63c940cff20550f9a","H:\\NONAME [FAT32]\[unallocated space]\1610252"
"2f282b84e7e608d5852449ed940bfc51","2c2ceccb5ec5574f791d45b63c940cff20550f9a","H:\\NONAME [FAT32]\[unallocated space]\1613452"
"2f282b84e7e608d5852449ed940bfc51","2c2ceccb5ec5574f791d45b63c940cff20550f9a","H:\\NONAME [FAT32]\[unallocated space]\1616652"
"2f282b84e7e608d5852449ed940bfc51","2c2ceccb5ec5574f791d45b63c940cff20550f9a","H:\\NONAME [FAT32]\[unallocated space]\1619852"
"2f282b84e7e608d5852449ed940bfc51","2c2ceccb5ec5574f791d45b63c940cff20550f9a","H:\\NONAME [FAT32]\[unallocated space]\1623052"
"2f282b84e7e608d5852449ed940bfc51","2c2ceccb5ec5574f791d45b63c940cff20550f9a","H:\\NONAME [FAT32]\[unallocated space]\1626252"
"2f282b84e7e608d5852449ed940bfc51","2c2ceccb5ec5574f791d45b63c940cff20550f9a","H:\\NONAME [FAT32]\[unallocated space]\1629452"
"2f282b84e7e608d5852449ed940bfc51","2c2ceccb5ec5574f791d45b63c940cff20550f9a","H:\\NONAME [FAT32]\[unallocated space]\1632652"
"2f282b84e7e608d5852449ed940bfc51","2c2ceccb5ec5574f791d45b63c940cff20550f9a","H:\\NONAME [FAT32]\[unallocated space]\1635852"
"2f282b84e7e608d5852449ed940bfc51","2c2ceccb5ec5574f791d45b63c940cff20550f9a","H:\\NONAME [FAT32]\[unallocated space]\1639052"
"2f282b84e7e608d5852449ed940bfc51","2c2ceccb5ec5574f791d45b63c940cff20550f9a","H:\\NONAME [FAT32]\[unallocated space]\1642252"
"2f282b84e7e608d5852449ed940bfc51","2c2ceccb5ec5574f791d45b63c940cff20550f9a","H:\\NONAME [FAT32]\[unallocated space]\1645452"
"2f282b84e7e608d5852449ed940bfc51","2c2ceccb5ec5574f791d45b63c940cff20550f9a","H:\\NONAME [FAT32]\[unallocated space]\1648652"
"2f282b84e7e608d5852449ed940bfc51","2c2ceccb5ec5574f791d45b63c940cff20550f9a","H:\\NONAME [FAT32]\[unallocated space]\1651852"
"2f282b84e7e608d5852449ed940bfc51","2c2ceccb5ec5574f791d45b63c940cff20550f9a","H:\\NONAME [FAT32]\[unallocated space]\1655052"
"2f282b84e7e608d5852449ed940bfc51","2c2ceccb5ec5574f791d45b63c940cff20550f9a","H:\\NONAME [FAT32]\[unallocated space]\1658252"
"2f282b84e7e608d5852449ed940bfc51","2c2ceccb5ec5574f791d45b63c940cff20550f9a","H:\\NONAME [FAT32]\[unallocated space]\1661452"
"2f282b84e7e608d5852449ed940bfc51","2c2ceccb5ec5574f791d45b63c940cff20550f9a","H:\\NONAME [FAT32]\[unallocated space]\1664652"
"2f282b84e7e608d5852449ed940bfc51","2c2ceccb5ec5574f791d45b63c940cff20550f9a","H:\\NONAME [FAT32]\[unallocated space]\1667852"
"2f282b84e7e608d5852449ed940bfc51","2c2ceccb5ec5574f791d45b63c940cff20550f9a","H:\\NONAME [FAT32]\[unallocated space]\1671052"
"2f282b84e7e608d5852449ed940bfc51","2c2ceccb5ec5574f791d45b63c940cff20550f9a","H:\\NONAME [FAT32]\[unallocated space]\1674252"
"2f282b84e7e608d5852449ed940bfc51","2c2ceccb5ec5574f791d45b63c940cff20550f9a","H:\\NONAME [FAT32]\[unallocated space]\1677452"
"2f282b84e7e608d5852449ed940bfc51","2c2ceccb5ec5574f791d45b63c940cff20550f9a","H:\\NONAME [FAT32]\[unallocated space]\1680652"
"2f282b84e7e608d5852449ed940bfc51","2c2ceccb5ec5574f791d45b63c940cff20550f9a","H:\\NONAME [FAT32]\[unallocated space]\1683852"
"2f282b84e7e608d5852449ed940bfc51","2c2ceccb5ec5574f791d45b63c940cff20550f9a","H:\\NONAME [FAT32]\[unallocated space]\1687052"
"2f282b84e7e608d5852449ed940bfc51","2c2ceccb5ec5574f791d45b63c940cff20550f9a","H:\\NONAME [FAT32]\[unallocated space]\1690252"
"2f282b84e7e608d5852449ed940bfc51","2c2ceccb5ec5574f791d45b63c940cff20550f9a","H:\\NONAME [FAT32]\[unallocated space]\1693452"
"2f282b84e7e608d5852449ed940bfc51","2c2ceccb5ec5574f791d45b63c940cff20550f9a","H:\\NONAME [FAT32]\[unallocated space]\1696652"
"2f282b84e7e608d5852449ed940bfc51","2c2ceccb5ec5574f791d45b63c940cff20550f9a","H:\\NONAME [FAT32]\[unallocated space]\1699852"
"2f282b84e7e608d5852449ed940bfc51","2c2ceccb5ec5574f791d45b63c940cff20550f9a","H:\\NONAME [FAT32]\[unallocated space]\1703052"
"2f282b84e7e608d5852449ed940bfc51","2c2ceccb5ec5574f791d45b63c940cff20550f9a","H:\\NONAME [FAT32]\[unallocated space]\1706252"
"2f282b84e7e608d5852449ed940bfc51","2c2ceccb5ec5574f791d45b63c940cff20550f9a","H:\\NONAME [FAT32]\[unallocated space]\1709452"
"2f282b84e7e608d5852449ed940bfc51","2c2ceccb5ec5574f791d45b63c940cff20550f9a","H:\\NONAME [FAT32]\[unallocated space]\1712652"
"2f282b84e7e608d5852449ed940bfc51","2c2ceccb5ec5574f791d45b63c940cff20550f9a","H:\\NONAME [FAT32]\[unallocated space]\1715852"
"2f282b84e7e608d5852449ed940bfc51","2c2ceccb5ec5574f791d45b63c940cff20550f9a","H:\\NONAME [FAT32]\[unallocated space]\1719052"
"2f282b84e7e608d5852449ed940bfc51","2c2ceccb5ec5574f791d45b63c940cff20550f9a","H:\\NONAME [FAT32]\[unallocated space]\1722252"
"2f282b84e7e608d5852449ed940bfc51","2c2ceccb5ec5574f791d45b63c940cff20550f9a","H:\\NONAME [FAT32]\[unallocated space]\1725452"
"2f282b84e7e608d5852449ed940bfc51","2c2ceccb5ec5574f791d45b63c940cff20550f9a","H:\\NONAME [FAT32]\[unallocated space]\1728652"
"2f282b84e7e608d5852449ed940bfc51","2c2ceccb5ec5574f791d45b63c940cff20550f9a","H:\\NONAME [FAT32]\[unallocated space]\1731852"
"2f282b84e7e608d5852449ed940bfc51","2c2ceccb5ec5574f791d45b63c940cff20550f9a","H:\\NONAME [FAT32]\[unallocated space]\1735052"
"2f282b84e7e608d5852449ed940bfc51","2c2ceccb5ec5574f791d45b63c940cff20550f9a","H:\\NONAME [FAT32]\[unallocated space]\1738252"
"2f282b84e7e608d5852449ed940bfc51","2c2ceccb5ec5574f791d45b63c940cff20550f9a","H:\\NONAME [FAT32]\[unallocated space]\1741452"
"2f282b84e7e608d5852449ed940bfc51","2c2ceccb5ec5574f791d45b63c940cff20550f9a","H:\\NONAME [FAT32]\[unallocated space]\1744652"
"2f282b84e7e608d5852449ed940bfc51","2c2ceccb5ec5574f791d45b63c940cff20550f9a","H:\\NONAME [FAT32]\[unallocated space]\1747852"
"2f282b84e7e608d5852449ed940bfc51","2c2ceccb5ec5574f791d45b63c940cff20550f9a","H:\\NONAME [FAT32]\[unallocated space]\1751052"
"2f282b84e7e608d5852449ed940bfc51","2c2ceccb5ec5574f791d45b63c940cff20550f9a","H:\\NONAME [FAT32]\[unallocated space]\1754252"
"2f282b84e7e608d5852449ed940bfc51","2c2ceccb5ec5574f791d45b63c940cff20550f9a","H:\\NONAME [FAT32]\[unallocated space]\1757452"
"2f282b84e7e608d5852449ed940bfc51","2c2ceccb5ec5574f791d45b63c940cff20550f9a","H:\\NONAME [FAT32]\[unallocated space]\1760652"
"2f282b84e7e608d5852449ed940bfc51","2c2ceccb5ec5574f791d45b63c940cff20550f9a","H:\\NONAME [FAT32]\[unallocated space]\1763852"
"2f282b84e7e608d5852449ed940bfc51","2c2ceccb5ec5574f791d45b63c940cff20550f9a","H:\\NONAME [FAT32]\[unallocated space]\1767052"
"2f282b84e7e608d5852449ed940bfc51","2c2ceccb5ec5574f791d45b63c940cff20550f9a","H:\\NONAME [FAT32]\[unallocated space]\1770252"
"2f282b84e7e608d5852449ed940bfc51","2c2ceccb5ec5574f791d45b63c940cff20550f9a","H:\\NONAME [FAT32]\[unallocated space]\1773452"
"2f282b84e7e608d5852449ed940bfc51","2c2ceccb5ec5574f791d45b63c940cff20550f9a","H:\\NONAME [FAT32]\[unallocated space]\1776652"
"2f282b84e7e608d5852449ed940bfc51","2c2ceccb5ec5574f791d45b63c940cff20550f9a","H:\\NONAME [FAT32]\[unallocated space]\1779852"
"2f282b84e7e608d5852449ed940bfc51","2c2ceccb5ec5574f791d45b63c940cff20550f9a","H:\\NONAME [FAT32]\[unallocated space]\1783052"
"2f282b84e7e608d5852449ed940bfc51","2c2ceccb5ec5574f791d45b63c940cff20550f9a","H:\\NONAME [FAT32]\[unallocated space]\1786252"
"2f282b84e7e608d5852449ed940bfc51","2c2ceccb5ec5574f791d45b63c940cff20550f9a","H:\\NONAME [FAT32]\[unallocated space]\1789452"
"2f282b84e7e608d5852449ed940bfc51","2c2ceccb5ec5574f791d45b63c940cff20550f9a","H:\\NONAME [FAT32]\[unallocated space]\1792652"
"2f282b84e7e608d5852449ed940bfc51","2c2ceccb5ec5574f791d45b63c940cff20550f9a","H:\\NONAME [FAT32]\[unallocated space]\1795852"
"2f282b84e7e608d5852449ed940bfc51","2c2ceccb5ec5574f791d45b63c940cff20550f9a","H:\\NONAME [FAT32]\[unallocated space]\1799052"
"2f282b84e7e608d5852449ed940bfc51","2c2ceccb5ec5574f791d45b63c940cff20550f9a","H:\\NONAME [FAT32]\[unallocated space]\1802252"
"2f282b84e7e608d5852449ed940bfc51","2c2ceccb5ec5574f791d45b63c940cff20550f9a","H:\\NONAME [FAT32]\[unallocated space]\1805452"
"2f282b84e7e608d5852449ed940bfc51","2c2ceccb5ec5574f791d45b63c940cff20550f9a","H:\\NONAME [FAT32]\[unallocated space]\1808652"
"2f282b84e7e608d5852449ed940bfc51","2c2ceccb5ec5574f791d45b63c940cff20550f9a","H:\\NONAME [FAT32]\[unallocated space]\1811852"
"2f282b84e7e608d5852449ed940bfc51","2c2ceccb5ec5574f791d45b63c940cff20550f9a","H:\\NONAME [FAT32]\[unallocated space]\1815052"
"2f282b84e7e608d5852449ed940bfc51","2c2ceccb5ec5574f791d45b63c940cff20550f9a","H:\\NONAME [FAT32]\[unallocated space]\1818252"
"2f282b84e7e608d5852449ed940bfc51","2c2ceccb5ec5574f791d45b63c940cff20550f9a","H:\\NONAME [FAT32]\[unallocated space]\1821452"
"2f282b84e7e608d5852449ed940bfc51","2c2ceccb5ec5574f791d45b63c940cff20550f9a","H:\\NONAME [FAT32]\[unallocated space]\1824652"
"2f282b84e7e608d5852449ed940bfc51","2c2ceccb5ec5574f791d45b63c940cff20550f9a","H:\\NONAME [FAT32]\[unallocated space]\1827852"
"2f282b84e7e608d5852449ed940bfc51","2c2ceccb5ec5574f791d45b63c940cff20550f9a","H:\\NONAME [FAT32]\[unallocated space]\1831052"
"2f282b84e7e608d5852449ed940bfc51","2c2ceccb5ec5574f791d45b63c940cff20550f9a","H:\\NONAME [FAT32]\[unallocated space]\1834252"
"2f282b84e7e608d5852449ed940bfc51","2c2ceccb5ec5574f791d45b63c940cff20550f9a","H:\\NONAME [FAT32]\[unallocated space]\1837452"
"2f282b84e7e608d5852449ed940bfc51","2c2ceccb5ec5574f791d45b63c940cff20550f9a","H:\\NONAME [FAT32]\[unallocated space]\1840652"
"2f282b84e7e608d5852449ed940bfc51","2c2ceccb5ec5574f791d45b63c940cff20550f9a","H:\\NONAME [FAT32]\[unallocated space]\1843852"
"2f282b84e7e608d5852449ed940bfc51","2c2ceccb5ec5574f791d45b63c940cff20550f9a","H:\\NONAME [FAT32]\[unallocated space]\1847052"
"2f282b84e7e608d5852449ed940bfc51","2c2ceccb5ec5574f791d45b63c940cff20550f9a","H:\\NONAME [FAT32]\[unallocated space]\1850252"
"2f282b84e7e608d5852449ed940bfc51","2c2ceccb5ec5574f791d45b63c940cff20550f9a","H:\\NONAME [FAT32]\[unallocated space]\1853452"
"2f282b84e7e608d5852449ed940bfc51","2c2ceccb5ec5574f791d45b63c940cff20550f9a","H:\\NONAME [FAT32]\[unallocated space]\1856652"
"2f282b84e7e608d5852449ed940bfc51","2c2ceccb5ec5574f791d45b63c940cff20550f9a","H:\\NONAME [FAT32]\[unallocated space]\1859852"
"2f282b84e7e608d5852449ed940bfc51","2c2ceccb5ec5574f791d45b63c940cff20550f9a","H:\\NONAME [FAT32]\[unallocated space]\1863052"
"2f282b84e7e608d5852449ed940bfc51","2c2ceccb5ec5574f791d45b63c940cff20550f9a","H:\\NONAME [FAT32]\[unallocated space]\1866252"
"2f282b84e7e608d5852449ed940bfc51","2c2ceccb5ec5574f791d45b63c940cff20550f9a","H:\\NONAME [FAT32]\[unallocated space]\1869452"
"2f282b84e7e608d5852449ed940bfc51","2c2ceccb5ec5574f791d45b63c940cff20550f9a","H:\\NONAME [FAT32]\[unallocated space]\1872652"
"fb307fb4becf5e4eea97f594b81ad191","4c01e1e26be86a273edcb16d981efb273d9cc754","H:\\NONAME [FAT32]\[unallocated space]\1875852"
"896d9a3ded3d2de6f825dfa9f0c731c8","27df257b46b2da29c3fe2cc84bc7474755128cad","H:\\NONAME [FAT32]\FAT1"
"896d9a3ded3d2de6f825dfa9f0c731c8","27df257b46b2da29c3fe2cc84bc7474755128cad","H:\\NONAME [FAT32]\FAT2"
