"Source Name",Owner,Description,"Date Created","Data Source",Version,Organization
NetBus.rtf,"Carl-Fredrik Neikter","NetBus v","1998-04-07 18:19:00 BST","SUSPECT LAPTOP.E01",,
NetBus.rtf,"Carl-Fredrik Neikter","NetBus v","1998-04-07 18:19:00 BST","SUSPECT LAPTOP.E01",,
rfbprotoheader.pdf,,,"1998-01-22 16:56:07 GMT","SUSPECT LAPTOP.E01",1.2,
rfbproto.pdf,,rfbproto.dvi,"1998-07-16 16:05:42 BST","SUSPECT LAPTOP.E01",1.2,
vncviewer.class,,vncviewer,,"SUSPECT LAPTOP.E01",,
vncCanvas.class,,vncCanvas,,"SUSPECT LAPTOP.E01",,
rfbprotoheader.pdf,,,"1998-01-22 16:56:07 GMT","SUSPECT LAPTOP.E01",1.2,
rfbproto.pdf,,rfbproto.dvi,"1998-07-16 16:05:42 BST","SUSPECT LAPTOP.E01",1.2,
rfbProto.class,,rfbProto,,"SUSPECT LAPTOP.E01",,
optionsFrame.class,,optionsFrame,,"SUSPECT LAPTOP.E01",,
"authenticationPanel.class",,authenticationPanel,,"SUSPECT LAPTOP.E01",,
"animatedMemoryImageSource.class",,"animatedMemoryImageSource",,"SUSPECT LAPTOP.E01",,
clipboardFrame.class,,clipboardFrame,,"SUSPECT LAPTOP.E01",,
DesCipher.class,,DesCipher,,"SUSPECT LAPTOP.E01",,
vncviewer.class,,vncviewer,,"SUSPECT LAPTOP.E01",,
vncCanvas.class,,vncCanvas,,"SUSPECT LAPTOP.E01",,
rfbProto.class,,rfbProto,,"SUSPECT LAPTOP.E01",,
optionsFrame.class,,optionsFrame,,"SUSPECT LAPTOP.E01",,
clipboardFrame.class,,clipboardFrame,,"SUSPECT LAPTOP.E01",,
"authenticationPanel.class",,authenticationPanel,,"SUSPECT LAPTOP.E01",,
DesCipher.class,,DesCipher,,"SUSPECT LAPTOP.E01",,
"animatedMemoryImageSource.class",,"animatedMemoryImageSource",,"SUSPECT LAPTOP.E01",,
s3-gs-manual.pdf,,"Untitled Document","1998-12-18 18:35:42 GMT","SUSPECT LAPTOP.E01",1.2,
s3-manual.pdf,,"Untitled Document","1998-12-19 18:13:36 GMT","SUSPECT LAPTOP.E01",1.2,
npdrmv2.class,,npdrmv2,,"SUSPECT LAPTOP.E01",,
npDSEvtInterface.class,,npDSEvtInterface,,"SUSPECT LAPTOP.E01",,
npDSEvtObsProxy.class,,npDSEvtObsProxy,,"SUSPECT LAPTOP.E01",,
npDSJavaPeer.class,,npDSJavaPeer,,"SUSPECT LAPTOP.E01",,
ias.mdb,"*",sotre,,"SUSPECT LAPTOP.E01",,Microsoft
dnary.mdb,"Stephen E. Bensley",ias,,"SUSPECT LAPTOP.E01",,Microsoft
