Name,"Keyword Preview",Location,"Modified Time","Change Time","Access Time","Created Time",Size,"Flags(Dir)","Flags(Meta)",Known,"MD5 Hash","SHA-256 Hash","MIME Type",Extension
pcap-bpf.c,«pcap«-bpf.c,"/img_SUSPECT LAPTOP.E01/vol_vol2/My Documents/NOVELL/Pandora (use under Linux)/PANDORA.TGZ/pan.tar/pandora-linux/packet/source/libpcap-0.4/pcap-bpf.c","1998-07-12 21:14:56 BST","0000-00-00 00:00:00","0000-00-00 00:00:00","0000-00-00 00:00:00",6281,Allocated,Allocated,unknown,"8e81b62c0ec227ffee587d91a9ecec24","7d7617c1c3dfb21fa55045f3770a5dbd068e83b3c8993ed080decfaae2c36381",text/x-csrc,c
pcap-dlpi.c,«pcap«-dlpi.c,"/img_SUSPECT LAPTOP.E01/vol_vol2/My Documents/NOVELL/Pandora (use under Linux)/PANDORA.TGZ/pan.tar/pandora-linux/packet/source/libpcap-0.4/pcap-dlpi.c","1997-10-16 05:59:34 BST","0000-00-00 00:00:00","0000-00-00 00:00:00","0000-00-00 00:00:00",19430,Allocated,Allocated,unknown,"c8157d09c0ef1436e332bfa72c75e7bb","8734eb00c161b072a25c66f649c0adfbf0384abf5fc7b502c1c9d4f5405f9916",text/x-csrc,c
pcap-enet.c,«pcap«-enet.c,"/img_SUSPECT LAPTOP.E01/vol_vol2/My Documents/NOVELL/Pandora (use under Linux)/PANDORA.TGZ/pan.tar/pandora-linux/packet/source/libpcap-0.4/pcap-enet.c","1996-12-11 07:11:47 GMT","0000-00-00 00:00:00","0000-00-00 00:00:00","0000-00-00 00:00:00",4807,Allocated,Allocated,unknown,"58a1294c776931c66592e1551ff1a408","6f4f9910577405d6d7a9d085f430db164045b85c255a26ea453b60df34e2cd20",text/x-csrc,c
pcap-int.h,«pcap«-int.h,"/img_SUSPECT LAPTOP.E01/vol_vol2/My Documents/NOVELL/Pandora (use under Linux)/PANDORA.TGZ/pan.tar/pandora-linux/packet/source/libpcap-0.4/pcap-int.h","1996-11-28 02:43:11 GMT","0000-00-00 00:00:00","0000-00-00 00:00:00","0000-00-00 00:00:00",3345,Allocated,Allocated,unknown,"d22d4301869d81ef1d7d4293f1650a38","a9647a3ea28793a319e4029405557542b31a46ee32ce54443adb366e1abee935",text/x-chdr,h
pcap-linux.c,«pcap«-linux.c,"/img_SUSPECT LAPTOP.E01/vol_vol2/My Documents/NOVELL/Pandora (use under Linux)/PANDORA.TGZ/pan.tar/pandora-linux/packet/source/libpcap-0.4/pcap-linux.c","1997-10-03 06:39:53 BST","0000-00-00 00:00:00","0000-00-00 00:00:00","0000-00-00 00:00:00",7479,Allocated,Allocated,unknown,"6b7d38ca45a7a19e53ffa77396fa08b2","474a0c517a8f1f5364849b9eaea20e77163540bd7265335e1085904bf5ee374e",text/x-csrc,c
pcap-namedb.h,«pcap«-namedb.h,"/img_SUSPECT LAPTOP.E01/vol_vol2/My Documents/NOVELL/Pandora (use under Linux)/PANDORA.TGZ/pan.tar/pandora-linux/packet/source/libpcap-0.4/pcap-namedb.h","1996-07-14 11:00:17 BST","0000-00-00 00:00:00","0000-00-00 00:00:00","0000-00-00 00:00:00",3161,Allocated,Allocated,unknown,"92ff3b83bc6b09ccdf956003718ca1c7","b937e10a33d9c1be92e697f204a52aaa2aa7be321a1611fe97123181b7403608",text/x-chdr,h
pcap-nit.c,«pcap«-nit.c,"/img_SUSPECT LAPTOP.E01/vol_vol2/My Documents/NOVELL/Pandora (use under Linux)/PANDORA.TGZ/pan.tar/pandora-linux/packet/source/libpcap-0.4/pcap-nit.c","1996-12-11 07:15:01 GMT","0000-00-00 00:00:00","0000-00-00 00:00:00","0000-00-00 00:00:00",5649,Allocated,Allocated,unknown,"ee9fab5a51001682e6c04bf8693bde4e","4baf782ed792a4bee2daf6c5a49cb33e077e52d3549c027affc903d8cbb66702",text/x-csrc,c
pcap-nit.h,«pcap«-nit.h,"/img_SUSPECT LAPTOP.E01/vol_vol2/My Documents/NOVELL/Pandora (use under Linux)/PANDORA.TGZ/pan.tar/pandora-linux/packet/source/libpcap-0.4/pcap-nit.h","1994-06-15 04:06:06 BST","0000-00-00 00:00:00","0000-00-00 00:00:00","0000-00-00 00:00:00",942,Allocated,Allocated,unknown,"7c0274ec710b49f814a64fc68b689805","6c2152f39a89546293cc752e57b79d9488de6c8d1924bd143f50237505c5ded7",text/x-chdr,h
libpcap.c,"NUM_PCAP_ENCAPS) {
		g_error(""«pcap«: network type %d unknown""","/img_SUSPECT LAPTOP.E01/vol_vol2/My Documents/FOOTPRINTING/UNIX/unix_hack.tgz/unix_hack.tar/Unix_hack/usr/hack/tools/ethereal-0.5.1/wiretap/libpcap.c","1998-12-19 19:56:28 GMT","0000-00-00 00:00:00","0000-00-00 00:00:00","0000-00-00 00:00:00",6645,Allocated,Allocated,unknown,"3d85937ee81b0509283754c3c2f3d2fe","caaf77c32577ae57f0d753420ffc8598f37117cff73276d3cb8b7c2e748165b1",text/x-csrc,c
pcap-null.c,«pcap«-null.c,"/img_SUSPECT LAPTOP.E01/vol_vol2/My Documents/NOVELL/Pandora (use under Linux)/PANDORA.TGZ/pan.tar/pandora-linux/packet/source/libpcap-0.4/pcap-null.c","1996-12-11 07:15:01 GMT","0000-00-00 00:00:00","0000-00-00 00:00:00","0000-00-00 00:00:00",2136,Allocated,Allocated,unknown,"fc988a12b6562f8cc4a3982ff9d89f00","a57a1d7fde63717949489c1c96e3d65a6122134fe7000302f350e2b9090e5c7f",text/x-csrc,c
pcap-pf.c,«pcap«-pf.c,"/img_SUSPECT LAPTOP.E01/vol_vol2/My Documents/NOVELL/Pandora (use under Linux)/PANDORA.TGZ/pan.tar/pandora-linux/packet/source/libpcap-0.4/pcap-pf.c","1996-12-11 07:15:01 GMT","0000-00-00 00:00:00","0000-00-00 00:00:00","0000-00-00 00:00:00",8974,Allocated,Allocated,unknown,"f0ef77d03c5a4b64029c59ccdac5e60f","55ad3616966e4c4fdee5e2d495552cfd2a6cd8f864f86b1997946d15eefa4162",text/x-csrc,c
pcap-pf.h,«pcap«-pf.h,"/img_SUSPECT LAPTOP.E01/vol_vol2/My Documents/NOVELL/Pandora (use under Linux)/PANDORA.TGZ/pan.tar/pandora-linux/packet/source/libpcap-0.4/pcap-pf.h","1994-06-15 04:06:37 BST","0000-00-00 00:00:00","0000-00-00 00:00:00","0000-00-00 00:00:00",941,Allocated,Allocated,unknown,"7d593a279bbc29b6b32f8742476192c4","0716764e1d1ce47eda91a7b1e723aa11d6ec809f4ab6dedfdd3b5b8ca637617d",text/x-chdr,h
pcap-snit.c,«pcap«-snit.c,"/img_SUSPECT LAPTOP.E01/vol_vol2/My Documents/NOVELL/Pandora (use under Linux)/PANDORA.TGZ/pan.tar/pandora-linux/packet/source/libpcap-0.4/pcap-snit.c","1996-12-11 07:15:02 GMT","0000-00-00 00:00:00","0000-00-00 00:00:00","0000-00-00 00:00:00",7245,Allocated,Allocated,unknown,"dbf1f8fa3bce954759cea2395da50a7f","283ecfdbc9692e2a61328a60455a789925b0fe270b7c5151a069a38d454765bb",text/x-csrc,c
pcap-snoop.c,«pcap«-snoop.c,"/img_SUSPECT LAPTOP.E01/vol_vol2/My Documents/NOVELL/Pandora (use under Linux)/PANDORA.TGZ/pan.tar/pandora-linux/packet/source/libpcap-0.4/pcap-snoop.c","1997-04-09 05:07:01 BST","0000-00-00 00:00:00","0000-00-00 00:00:00","0000-00-00 00:00:00",5995,Allocated,Allocated,unknown,"c1ee9091de232cefb390db64f28a88b1","7dd6a11812d87f33492a2ad25f35fb7b92563361424d9a8ea1714375876945ed",text/x-csrc,c
pcap.3,«pcap«.3,"/img_SUSPECT LAPTOP.E01/vol_vol2/My Documents/NOVELL/Pandora (use under Linux)/PANDORA.TGZ/pan.tar/pandora-linux/packet/source/libpcap-0.4/pcap.3","1998-06-25 03:55:36 BST","0000-00-00 00:00:00","0000-00-00 00:00:00","0000-00-00 00:00:00",8523,Allocated,Allocated,unknown,"478e9194a4c8c632c608aef359d6c901","ea365a89a48822f5f6db8bafe34c830a7de953100f692a0c259df18b94174299",text/troff,3
pcap-bpf.c,«pcap«-bpf.c,"/img_SUSPECT LAPTOP.E01/vol_vol2/My Documents/FOOTPRINTING/NT/Nmapnt/nmapNT-src/libpcap-possiblymodified/pcap-bpf.c","1998-10-14 17:38:06 BST","2004-08-20 16:21:00 BST","2004-08-20 16:21:00 BST","2004-08-20 16:21:00 BST",6589,Allocated,Allocated,unknown,"10cf2a6f39f68064b75e059727acad1d","c44adc439bd3636d3b663a749a992520868434141ea28700c901cf2298b58dd4",text/x-csrc,c
pcap-bpf.c-slack,«pcap«-bpf.c-slack,"/img_SUSPECT LAPTOP.E01/vol_vol2/My Documents/FOOTPRINTING/NT/Nmapnt/nmapNT-src/libpcap-possiblymodified/pcap-bpf.c-slack","1998-10-14 17:38:06 BST","2004-08-20 16:21:00 BST","2004-08-20 16:21:00 BST","2004-08-20 16:21:00 BST",67,Allocated,Allocated,unknown,,,application/octet-stream,c-slack
pcap-dlpi.c,«pcap«-dlpi.c,"/img_SUSPECT LAPTOP.E01/vol_vol2/My Documents/FOOTPRINTING/NT/Nmapnt/nmapNT-src/libpcap-possiblymodified/pcap-dlpi.c","1998-10-14 17:38:08 BST","2004-08-20 16:21:00 BST","2004-08-20 16:21:00 BST","2004-08-20 16:21:00 BST",20323,Allocated,Allocated,unknown,"94049f7f3d6a7ebe4c34f753abfb2cdb","4220dd494bad79b0defe90f10fb4f1a535b9d47f0790d97accff5a9b1eee7893",text/x-csrc,c
pcap-dlpi.c-slack,«pcap«-dlpi.c-slack,"/img_SUSPECT LAPTOP.E01/vol_vol2/My Documents/FOOTPRINTING/NT/Nmapnt/nmapNT-src/libpcap-possiblymodified/pcap-dlpi.c-slack","1998-10-14 17:38:08 BST","2004-08-20 16:21:00 BST","2004-08-20 16:21:00 BST","2004-08-20 16:21:00 BST",157,Allocated,Allocated,unknown,,,application/octet-stream,c-slack
pcap-enet.c,«pcap«-enet.c,"/img_SUSPECT LAPTOP.E01/vol_vol2/My Documents/FOOTPRINTING/NT/Nmapnt/nmapNT-src/libpcap-possiblymodified/pcap-enet.c","1996-12-10 21:11:48 GMT","2004-08-20 16:21:00 BST","2004-08-20 16:21:00 BST","2004-08-20 16:21:00 BST",5034,Allocated,Allocated,unknown,"16819faa5566d2f12a574b0e0c58a5c1","a4ceebabf9afd6458c572088ad0525d0b0ce39ee37c1648fca84aaed1166a6ff",text/x-csrc,c
pcap-enet.c-slack,«pcap«-enet.c-slack,"/img_SUSPECT LAPTOP.E01/vol_vol2/My Documents/FOOTPRINTING/NT/Nmapnt/nmapNT-src/libpcap-possiblymodified/pcap-enet.c-slack","1996-12-10 21:11:48 GMT","2004-08-20 16:21:00 BST","2004-08-20 16:21:00 BST","2004-08-20 16:21:00 BST",86,Allocated,Allocated,unknown,,,application/octet-stream,c-slack
pcap.3,«pcap«.3,"/img_SUSPECT LAPTOP.E01/vol_vol2/My Documents/FOOTPRINTING/NT/Nmapnt/nmapNT-src/libpcap-possiblymodified/pcap.3","1998-06-24 22:55:36 BST","2004-08-20 16:21:00 BST","2004-08-20 16:21:00 BST","2004-08-20 16:21:00 BST",8863,Allocated,Allocated,unknown,"eb054150b84b42b9a170afd6a29f1222","e4653b8087622704f6e4afd7ca662f911f63ee151c4bbf3af9053c29c60f2fa8",text/troff,3
pcap.3-slack,«pcap«.3-slack,"/img_SUSPECT LAPTOP.E01/vol_vol2/My Documents/FOOTPRINTING/NT/Nmapnt/nmapNT-src/libpcap-possiblymodified/pcap.3-slack","1998-06-24 22:55:36 BST","2004-08-20 16:21:00 BST","2004-08-20 16:21:00 BST","2004-08-20 16:21:00 BST",353,Allocated,Allocated,unknown,,,application/octet-stream,3-slack
text2pcap.html,"SEE ALSO

tcpdump(8), «pcap«(3), ethereal(1), editcap(1)","/img_SUSPECT LAPTOP.E01/vol_vol2/Program Files/Ethereal/text2pcap.html","2004-08-13 03:14:45 BST","2004-08-27 16:29:37 BST","2004-08-27 16:29:37 BST","2004-08-13 03:14:45 BST",10805,Allocated,Allocated,unknown,"d4b4404effd736f51472de2dbfb562d0","9827f5455bec5283814c35bd42bf29fbeb604779aae9162a193985b0267171a2","application/xhtml+xml",html
pcap-int.h,«pcap«-int.h,"/img_SUSPECT LAPTOP.E01/vol_vol2/My Documents/FOOTPRINTING/NT/Nmapnt/nmapNT-src/libpcap-possiblymodified/pcap-int.h","1998-10-14 17:38:10 BST","2004-08-20 16:21:01 BST","2004-08-20 16:21:01 BST","2004-08-20 16:21:01 BST",3507,Allocated,Allocated,unknown,"d1055dd8350f96d0d623f24897b2045f","ba2cbed5cedd338076ab75581129f3d4c21ac28d57cfd11f2f1a2a79e10be132",text/x-chdr,h
pcap-int.h-slack,«pcap«-int.h-slack,"/img_SUSPECT LAPTOP.E01/vol_vol2/My Documents/FOOTPRINTING/NT/Nmapnt/nmapNT-src/libpcap-possiblymodified/pcap-int.h-slack","1998-10-14 17:38:10 BST","2004-08-20 16:21:01 BST","2004-08-20 16:21:01 BST","2004-08-20 16:21:01 BST",77,Allocated,Allocated,unknown,,,application/octet-stream,h-slack
pcap-linux.c,«pcap«-linux.c,"/img_SUSPECT LAPTOP.E01/vol_vol2/My Documents/FOOTPRINTING/NT/Nmapnt/nmapNT-src/libpcap-possiblymodified/pcap-linux.c","1998-12-05 07:14:36 GMT","2004-08-20 16:21:01 BST","2004-08-20 16:21:01 BST","2004-08-20 16:21:01 BST",8753,Allocated,Allocated,unknown,"205ad44802f07b122c8f81ca98f952a0","8da14427d2dcc9c8cc39b80829fc83576e542ef4846dc9db3a5ce936b1e75c83",text/x-csrc,c
pcap-linux.c-slack,«pcap«-linux.c-slack,"/img_SUSPECT LAPTOP.E01/vol_vol2/My Documents/FOOTPRINTING/NT/Nmapnt/nmapNT-src/libpcap-possiblymodified/pcap-linux.c-slack","1998-12-05 07:14:36 GMT","2004-08-20 16:21:01 BST","2004-08-20 16:21:01 BST","2004-08-20 16:21:01 BST",463,Allocated,Allocated,unknown,,,application/octet-stream,c-slack
pcap-null.c,«pcap«-null.c,"/img_SUSPECT LAPTOP.E01/vol_vol2/My Documents/FOOTPRINTING/NT/Nmapnt/nmapNT-src/libpcap-possiblymodified/pcap-null.c","1998-10-14 17:38:16 BST","2004-08-20 16:21:01 BST","2004-08-20 16:21:01 BST","2004-08-20 16:21:01 BST",2255,Allocated,Allocated,unknown,"a34140292996c23789ac1b7fb9e58883","69cb4ba175ceb3fd09ed7a49a2729922812bfee9875f2badb7a03286b1cbc6b7",text/x-csrc,c
pcap-null.c-slack,«pcap«-null.c-slack,"/img_SUSPECT LAPTOP.E01/vol_vol2/My Documents/FOOTPRINTING/NT/Nmapnt/nmapNT-src/libpcap-possiblymodified/pcap-null.c-slack","1998-10-14 17:38:16 BST","2004-08-20 16:21:01 BST","2004-08-20 16:21:01 BST","2004-08-20 16:21:01 BST",305,Allocated,Allocated,unknown,,,application/octet-stream,c-slack
pcap-pf.c,«pcap«-pf.c,"/img_SUSPECT LAPTOP.E01/vol_vol2/My Documents/FOOTPRINTING/NT/Nmapnt/nmapNT-src/libpcap-possiblymodified/pcap-pf.c","1998-10-14 17:38:18 BST","2004-08-20 16:21:01 BST","2004-08-20 16:21:01 BST","2004-08-20 16:21:01 BST",9370,Allocated,Allocated,unknown,"5edc3eb155cd4e8d98b4f78341052500","cbf2698be4d51b6ffffbbfd4c9d04812d6cf643679cf01c284efdbbfc983b04c",text/x-csrc,c
"Unalloc_20051_351232_1683209728","<p><em>tcpdump(8)</em>, <em>«pcap«(3)</em>, <em>ethereal(1)</em>","/img_SUSPECT LAPTOP.E01/vol_vol2/$Unalloc/Unalloc_20051_351232_1683209728","0000-00-00 00:00:00","0000-00-00 00:00:00","0000-00-00 00:00:00","0000-00-00 00:00:00",777335808,Unallocated,Unallocated,unknown,,,application/octet-stream,
pcap-pf.c-slack,«pcap«-pf.c-slack,"/img_SUSPECT LAPTOP.E01/vol_vol2/My Documents/FOOTPRINTING/NT/Nmapnt/nmapNT-src/libpcap-possiblymodified/pcap-pf.c-slack","1998-10-14 17:38:18 BST","2004-08-20 16:21:01 BST","2004-08-20 16:21:01 BST","2004-08-20 16:21:01 BST",358,Allocated,Allocated,unknown,,,application/octet-stream,c-slack
pcap-pf.h,«pcap«-pf.h,"/img_SUSPECT LAPTOP.E01/vol_vol2/My Documents/FOOTPRINTING/NT/Nmapnt/nmapNT-src/libpcap-possiblymodified/pcap-pf.h","1998-10-14 17:38:18 BST","2004-08-20 16:21:01 BST","2004-08-20 16:21:01 BST","2004-08-20 16:21:01 BST",1006,Allocated,Allocated,unknown,"a87cb0b55c7eaa129860da6632ee0fd8","a688d5cf9da76f723cad549fdf52fa6c9a06aac651391789de8743cbeea443e7",text/x-chdr,h
pcap-pf.h-slack,«pcap«-pf.h-slack,"/img_SUSPECT LAPTOP.E01/vol_vol2/My Documents/FOOTPRINTING/NT/Nmapnt/nmapNT-src/libpcap-possiblymodified/pcap-pf.h-slack","1998-10-14 17:38:18 BST","2004-08-20 16:21:01 BST","2004-08-20 16:21:01 BST","2004-08-20 16:21:01 BST",18,Allocated,Allocated,unknown,,,application/octet-stream,h-slack
pcap-snit.c,«pcap«-snit.c,"/img_SUSPECT LAPTOP.E01/vol_vol2/My Documents/FOOTPRINTING/NT/Nmapnt/nmapNT-src/libpcap-possiblymodified/pcap-snit.c","1998-10-14 17:38:20 BST","2004-08-20 16:21:01 BST","2004-08-20 16:21:01 BST","2004-08-20 16:21:01 BST",7590,Allocated,Allocated,unknown,"3d7a8ce311042216eb5a4461a7a931d7","40b324bd4233e0872b00709713447cffc4af36373d4036599ed684c8304563d5",text/x-csrc,c
pcap-snit.c-slack,«pcap«-snit.c-slack,"/img_SUSPECT LAPTOP.E01/vol_vol2/My Documents/FOOTPRINTING/NT/Nmapnt/nmapNT-src/libpcap-possiblymodified/pcap-snit.c-slack","1998-10-14 17:38:20 BST","2004-08-20 16:21:01 BST","2004-08-20 16:21:01 BST","2004-08-20 16:21:01 BST",90,Allocated,Allocated,unknown,,,application/octet-stream,c-slack
pcap-snoop.c,«pcap«-snoop.c,"/img_SUSPECT LAPTOP.E01/vol_vol2/My Documents/FOOTPRINTING/NT/Nmapnt/nmapNT-src/libpcap-possiblymodified/pcap-snoop.c","1998-10-14 17:38:20 BST","2004-08-20 16:21:01 BST","2004-08-20 16:21:01 BST","2004-08-20 16:21:01 BST",6256,Allocated,Allocated,unknown,"a928588a3d643e02158a491aa30c5f1d","1fe0b12eaf3046f596e90f1bbccfd22c0d797c42c507c37f65024a9bbba9f320",text/x-csrc,c
pcap-snoop.c-slack,«pcap«-snoop.c-slack,"/img_SUSPECT LAPTOP.E01/vol_vol2/My Documents/FOOTPRINTING/NT/Nmapnt/nmapNT-src/libpcap-possiblymodified/pcap-snoop.c-slack","1998-10-14 17:38:20 BST","2004-08-20 16:21:01 BST","2004-08-20 16:21:01 BST","2004-08-20 16:21:01 BST",400,Allocated,Allocated,unknown,,,application/octet-stream,c-slack
pcap-nit.c,«pcap«-nit.c,"/img_SUSPECT LAPTOP.E01/vol_vol2/My Documents/FOOTPRINTING/NT/Nmapnt/nmapNT-src/libpcap-possiblymodified/pcap-nit.c","1998-10-14 17:38:14 BST","2004-08-20 16:21:01 BST","2004-08-20 16:21:01 BST","2004-08-20 16:21:01 BST",5938,Allocated,Allocated,unknown,"6872b253b8e5b82eeb5b2710e408cb02","16b26fc711e089ae8a951b706a395302778224689a9a8d1fc01aa76b8c17816c",text/x-csrc,c
pcap-nit.c-slack,«pcap«-nit.c-slack,"/img_SUSPECT LAPTOP.E01/vol_vol2/My Documents/FOOTPRINTING/NT/Nmapnt/nmapNT-src/libpcap-possiblymodified/pcap-nit.c-slack","1998-10-14 17:38:14 BST","2004-08-20 16:21:01 BST","2004-08-20 16:21:01 BST","2004-08-20 16:21:01 BST",206,Allocated,Allocated,unknown,,,application/octet-stream,c-slack
pcap-nit.h,«pcap«-nit.h,"/img_SUSPECT LAPTOP.E01/vol_vol2/My Documents/FOOTPRINTING/NT/Nmapnt/nmapNT-src/libpcap-possiblymodified/pcap-nit.h","1998-10-14 17:38:16 BST","2004-08-20 16:21:01 BST","2004-08-20 16:21:01 BST","2004-08-20 16:21:01 BST",1007,Allocated,Allocated,unknown,"984e9ae9d340785e856a625007a2813d","d3a613d873ca46c38764983ea39ebd06ef19191530a970161058dcea30a72785",text/x-chdr,h
pcap-nit.h-slack,«pcap«-nit.h-slack,"/img_SUSPECT LAPTOP.E01/vol_vol2/My Documents/FOOTPRINTING/NT/Nmapnt/nmapNT-src/libpcap-possiblymodified/pcap-nit.h-slack","1998-10-14 17:38:16 BST","2004-08-20 16:21:01 BST","2004-08-20 16:21:01 BST","2004-08-20 16:21:01 BST",17,Allocated,Allocated,unknown,,,application/octet-stream,h-slack
pcap-bpf.c,«pcap«-bpf.c,"/img_SUSPECT LAPTOP.E01/vol_vol2/My Documents/FOOTPRINTING/UNIX/unix_hack.tgz/unix_hack.tar/Unix_hack/usr/hack/compile/sniffit.0.3.5/libpcap-0.3/pcap-bpf.c","1997-04-18 10:33:58 BST","0000-00-00 00:00:00","0000-00-00 00:00:00","0000-00-00 00:00:00",5983,Allocated,Allocated,unknown,"e54121496a2685e344d8faeaaf6f9c5e","0dd2098720117de8dc77bc0cb74589b0ce8c5d875aff30696d1a38152d272152",text/x-csrc,c
pcap-bpf.c,«pcap«-bpf.c,"/img_SUSPECT LAPTOP.E01/vol_vol2/My Documents/FOOTPRINTING/UNIX/unix_hack.tgz/unix_hack.tar/Unix_hack/usr/hack/compile/sniffit.0.3.7.beta/libpcap/pcap-bpf.c","1998-07-16 17:17:10 BST","0000-00-00 00:00:00","0000-00-00 00:00:00","0000-00-00 00:00:00",6210,Allocated,Allocated,unknown,"97c14ed099920b60c126c6a6c1a02d06","df3cd9f44617ba99e695522094aada16d8ef2a90bb325bee5ff8170dff0f5d62",text/x-csrc,c
pcap-dlpi.c,«pcap«-dlpi.c,"/img_SUSPECT LAPTOP.E01/vol_vol2/My Documents/FOOTPRINTING/UNIX/unix_hack.tgz/unix_hack.tar/Unix_hack/usr/hack/compile/sniffit.0.3.5/libpcap-0.3/pcap-dlpi.c","1997-04-18 10:33:58 BST","0000-00-00 00:00:00","0000-00-00 00:00:00","0000-00-00 00:00:00",20001,Allocated,Allocated,unknown,"350e15e91a60a2bcade0b3458e452519","f8a404d830faa21ba78ff91e5e3a526f03cbf93c0a1cb380ff430f3e71e2bea3",text/x-csrc,c
pcap-dlpi.c,«pcap«-dlpi.c,"/img_SUSPECT LAPTOP.E01/vol_vol2/My Documents/FOOTPRINTING/UNIX/unix_hack.tgz/unix_hack.tar/Unix_hack/usr/hack/compile/sniffit.0.3.7.beta/libpcap/pcap-dlpi.c","1998-07-16 17:17:10 BST","0000-00-00 00:00:00","0000-00-00 00:00:00","0000-00-00 00:00:00",20278,Allocated,Allocated,unknown,"3125ce9e66be96c211059cad97c08130","2488d40e98731f1627c13c3d97634c293c19033f3c6f4770ce68a114003996e5",text/x-csrc,c
pcap-enet.c,«pcap«-enet.c,"/img_SUSPECT LAPTOP.E01/vol_vol2/My Documents/FOOTPRINTING/UNIX/unix_hack.tgz/unix_hack.tar/Unix_hack/usr/hack/compile/sniffit.0.3.5/libpcap-0.3/pcap-enet.c","1997-04-18 10:33:58 BST","0000-00-00 00:00:00","0000-00-00 00:00:00","0000-00-00 00:00:00",5034,Allocated,Allocated,unknown,"16819faa5566d2f12a574b0e0c58a5c1","a4ceebabf9afd6458c572088ad0525d0b0ce39ee37c1648fca84aaed1166a6ff",text/x-csrc,c
pcap-enet.c,«pcap«-enet.c,"/img_SUSPECT LAPTOP.E01/vol_vol2/My Documents/FOOTPRINTING/UNIX/unix_hack.tgz/unix_hack.tar/Unix_hack/usr/hack/compile/sniffit.0.3.7.beta/libpcap/pcap-enet.c","1998-07-16 17:17:10 BST","0000-00-00 00:00:00","0000-00-00 00:00:00","0000-00-00 00:00:00",5034,Allocated,Allocated,unknown,"16819faa5566d2f12a574b0e0c58a5c1","a4ceebabf9afd6458c572088ad0525d0b0ce39ee37c1648fca84aaed1166a6ff",text/x-csrc,c
pcap-bpf.c,«pcap«-bpf.c,"/img_SUSPECT LAPTOP.E01/vol_vol2/My Documents/FOOTPRINTING/NT/nmapntsp1.zip/Nmapnt/nmapNT-src/libpcap-possiblymodified/pcap-bpf.c","1998-10-14 13:38:06 BST","0000-00-00 00:00:00","0000-00-00 00:00:00","0000-00-00 00:00:00",6589,Allocated,Allocated,unknown,"10cf2a6f39f68064b75e059727acad1d","c44adc439bd3636d3b663a749a992520868434141ea28700c901cf2298b58dd4",text/x-csrc,c
pcap-int.h,«pcap«-int.h,"/img_SUSPECT LAPTOP.E01/vol_vol2/My Documents/FOOTPRINTING/UNIX/unix_hack.tgz/unix_hack.tar/Unix_hack/usr/hack/compile/sniffit.0.3.5/libpcap-0.3/pcap-int.h","1997-04-18 10:33:58 BST","0000-00-00 00:00:00","0000-00-00 00:00:00","0000-00-00 00:00:00",3462,Allocated,Allocated,unknown,"eaea47fde8e895e98cc6036d2aa93e6a","6d9cb2c66d395f6eeebba6dcf809e5046a6f7cf7408c23890b41fafd337be8b6",text/x-chdr,h
pcap-int.h,«pcap«-int.h,"/img_SUSPECT LAPTOP.E01/vol_vol2/My Documents/FOOTPRINTING/UNIX/unix_hack.tgz/unix_hack.tar/Unix_hack/usr/hack/compile/sniffit.0.3.7.beta/libpcap/pcap-int.h","1998-07-16 17:17:10 BST","0000-00-00 00:00:00","0000-00-00 00:00:00","0000-00-00 00:00:00",3462,Allocated,Allocated,unknown,"eaea47fde8e895e98cc6036d2aa93e6a","6d9cb2c66d395f6eeebba6dcf809e5046a6f7cf7408c23890b41fafd337be8b6",text/x-chdr,h
pcap-dlpi.c,«pcap«-dlpi.c,"/img_SUSPECT LAPTOP.E01/vol_vol2/My Documents/FOOTPRINTING/NT/nmapntsp1.zip/Nmapnt/nmapNT-src/libpcap-possiblymodified/pcap-dlpi.c","1998-10-14 13:38:08 BST","0000-00-00 00:00:00","0000-00-00 00:00:00","0000-00-00 00:00:00",20323,Allocated,Allocated,unknown,"94049f7f3d6a7ebe4c34f753abfb2cdb","4220dd494bad79b0defe90f10fb4f1a535b9d47f0790d97accff5a9b1eee7893",text/x-csrc,c
pcap-linux.c,«pcap«-linux.c,"/img_SUSPECT LAPTOP.E01/vol_vol2/My Documents/FOOTPRINTING/UNIX/unix_hack.tgz/unix_hack.tar/Unix_hack/usr/hack/compile/sniffit.0.3.5/libpcap-0.3/pcap-linux.c","1997-04-18 10:33:58 BST","0000-00-00 00:00:00","0000-00-00 00:00:00","0000-00-00 00:00:00",5945,Allocated,Allocated,unknown,"66ba00499f7a035b2287a3ad5667cb6d","1b124a0c592e0c04bfd440fee1bbaa7d873fd14aa55d37aced38236c761eaa1e",text/x-csrc,c
pcap-linux.c,«pcap«-linux.c,"/img_SUSPECT LAPTOP.E01/vol_vol2/My Documents/FOOTPRINTING/UNIX/unix_hack.tgz/unix_hack.tar/Unix_hack/usr/hack/compile/sniffit.0.3.7.beta/libpcap/pcap-linux.c","1998-07-16 17:17:10 BST","0000-00-00 00:00:00","0000-00-00 00:00:00","0000-00-00 00:00:00",7810,Allocated,Allocated,unknown,"2bee01d1f15fedbb4e2046fade70a64f","615cea35bf757d06403f4a20cfb8cb27185312fdcff1cea3714c27cd6e950dae",text/x-csrc,c
pcap-enet.c,«pcap«-enet.c,"/img_SUSPECT LAPTOP.E01/vol_vol2/My Documents/FOOTPRINTING/NT/nmapntsp1.zip/Nmapnt/nmapNT-src/libpcap-possiblymodified/pcap-enet.c","1996-12-10 21:11:48 GMT","0000-00-00 00:00:00","0000-00-00 00:00:00","0000-00-00 00:00:00",5034,Allocated,Allocated,unknown,"16819faa5566d2f12a574b0e0c58a5c1","a4ceebabf9afd6458c572088ad0525d0b0ce39ee37c1648fca84aaed1166a6ff",text/x-csrc,c
pcap-linux.o,«pcap«-linux.o,"/img_SUSPECT LAPTOP.E01/vol_vol2/My Documents/FOOTPRINTING/UNIX/unix_hack.tgz/unix_hack.tar/Unix_hack/usr/hack/compile/sniffit.0.3.5/libpcap-0.3/pcap-linux.o","1998-11-13 06:30:34 GMT","0000-00-00 00:00:00","0000-00-00 00:00:00","0000-00-00 00:00:00",3412,Allocated,Allocated,unknown,"b1e54d093dc6a2fb7d662d90c9512237","eb186d72cd3f4aa84ae448e43d75116e98dcf21c45f41611e024988b7b6c057b",application/x-object,o
pcap-linux.o,«pcap«-linux.o,"/img_SUSPECT LAPTOP.E01/vol_vol2/My Documents/FOOTPRINTING/UNIX/unix_hack.tgz/unix_hack.tar/Unix_hack/usr/hack/compile/sniffit.0.3.7.beta/libpcap/pcap-linux.o","1998-11-13 06:34:28 GMT","0000-00-00 00:00:00","0000-00-00 00:00:00","0000-00-00 00:00:00",3976,Allocated,Allocated,unknown,"57eecfd2de91f4609a585e5289648f02","4bc20dfd8cc8044ddbe59ad6b3c69d580873790c6e36b12a1a2f7c2a7b727022",application/x-object,o
pcap-int.h,«pcap«-int.h,"/img_SUSPECT LAPTOP.E01/vol_vol2/My Documents/FOOTPRINTING/NT/nmapntsp1.zip/Nmapnt/nmapNT-src/libpcap-possiblymodified/pcap-int.h","1998-10-14 13:38:10 BST","0000-00-00 00:00:00","0000-00-00 00:00:00","0000-00-00 00:00:00",3507,Allocated,Allocated,unknown,"d1055dd8350f96d0d623f24897b2045f","ba2cbed5cedd338076ab75581129f3d4c21ac28d57cfd11f2f1a2a79e10be132",text/x-chdr,h
pcap-namedb.h,«pcap«-namedb.h,"/img_SUSPECT LAPTOP.E01/vol_vol2/My Documents/FOOTPRINTING/UNIX/unix_hack.tgz/unix_hack.tar/Unix_hack/usr/hack/compile/sniffit.0.3.5/libpcap-0.3/pcap-namedb.h","1997-04-18 10:33:58 BST","0000-00-00 00:00:00","0000-00-00 00:00:00","0000-00-00 00:00:00",3237,Allocated,Allocated,unknown,"fdbef378177cb1bd90a78a6613fdc1f7","01061ccecedbea545d0dd163654b0fe857a47e87761c5dfff54e614b64899989",text/x-chdr,h
pcap-namedb.h,«pcap«-namedb.h,"/img_SUSPECT LAPTOP.E01/vol_vol2/My Documents/FOOTPRINTING/UNIX/unix_hack.tgz/unix_hack.tar/Unix_hack/usr/hack/compile/sniffit.0.3.7.beta/libpcap/pcap-namedb.h","1998-07-16 17:17:10 BST","0000-00-00 00:00:00","0000-00-00 00:00:00","0000-00-00 00:00:00",3237,Allocated,Allocated,unknown,"fdbef378177cb1bd90a78a6613fdc1f7","01061ccecedbea545d0dd163654b0fe857a47e87761c5dfff54e614b64899989",text/x-chdr,h
pcap-linux.c,«pcap«-linux.c,"/img_SUSPECT LAPTOP.E01/vol_vol2/My Documents/FOOTPRINTING/NT/nmapntsp1.zip/Nmapnt/nmapNT-src/libpcap-possiblymodified/pcap-linux.c","1998-12-05 03:14:36 GMT","0000-00-00 00:00:00","0000-00-00 00:00:00","0000-00-00 00:00:00",8753,Allocated,Allocated,unknown,"205ad44802f07b122c8f81ca98f952a0","8da14427d2dcc9c8cc39b80829fc83576e542ef4846dc9db3a5ce936b1e75c83",text/x-csrc,c
pcap-nit.c,«pcap«-nit.c,"/img_SUSPECT LAPTOP.E01/vol_vol2/My Documents/FOOTPRINTING/UNIX/unix_hack.tgz/unix_hack.tar/Unix_hack/usr/hack/compile/sniffit.0.3.5/libpcap-0.3/pcap-nit.c","1997-04-18 10:33:58 BST","0000-00-00 00:00:00","0000-00-00 00:00:00","0000-00-00 00:00:00",5893,Allocated,Allocated,unknown,"7b191cbaf18fb7605ce37546fbe4de59","3837142c9e124467f9855104807cd40b831efc6dd9efea60a00765675e3f80b8",text/x-csrc,c
pcap-nit.c,«pcap«-nit.c,"/img_SUSPECT LAPTOP.E01/vol_vol2/My Documents/FOOTPRINTING/UNIX/unix_hack.tgz/unix_hack.tar/Unix_hack/usr/hack/compile/sniffit.0.3.7.beta/libpcap/pcap-nit.c","1998-07-16 17:17:10 BST","0000-00-00 00:00:00","0000-00-00 00:00:00","0000-00-00 00:00:00",5893,Allocated,Allocated,unknown,"7b191cbaf18fb7605ce37546fbe4de59","3837142c9e124467f9855104807cd40b831efc6dd9efea60a00765675e3f80b8",text/x-csrc,c
pcap-namedb.h,«pcap«-namedb.h,"/img_SUSPECT LAPTOP.E01/vol_vol2/My Documents/FOOTPRINTING/NT/nmapntsp1.zip/Nmapnt/nmapNT-src/libpcap-possiblymodified/pcap-namedb.h","1998-10-14 13:38:12 BST","0000-00-00 00:00:00","0000-00-00 00:00:00","0000-00-00 00:00:00",3283,Allocated,Allocated,unknown,"43284c2866aeec0ee7e4ba1a324b50ec","e30df54d7c03c92006eaa62926540d85775b62587ce75438f453fc2b028f5eca",text/x-chdr,h
pcap-nit.h,«pcap«-nit.h,"/img_SUSPECT LAPTOP.E01/vol_vol2/My Documents/FOOTPRINTING/UNIX/unix_hack.tgz/unix_hack.tar/Unix_hack/usr/hack/compile/sniffit.0.3.5/libpcap-0.3/pcap-nit.h","1997-04-18 10:33:58 BST","0000-00-00 00:00:00","0000-00-00 00:00:00","0000-00-00 00:00:00",961,Allocated,Allocated,unknown,"2e1c12c43f5ed9e91ce724c35a43fe3d","e5d6f27edb303a07535ad99a9c7acea9110226486c231142bab86a7ad74376f7",text/x-chdr,h
pcap-nit.h,«pcap«-nit.h,"/img_SUSPECT LAPTOP.E01/vol_vol2/My Documents/FOOTPRINTING/UNIX/unix_hack.tgz/unix_hack.tar/Unix_hack/usr/hack/compile/sniffit.0.3.7.beta/libpcap/pcap-nit.h","1998-07-16 17:17:10 BST","0000-00-00 00:00:00","0000-00-00 00:00:00","0000-00-00 00:00:00",961,Allocated,Allocated,unknown,"2e1c12c43f5ed9e91ce724c35a43fe3d","e5d6f27edb303a07535ad99a9c7acea9110226486c231142bab86a7ad74376f7",text/x-chdr,h
pcap-nit.c,«pcap«-nit.c,"/img_SUSPECT LAPTOP.E01/vol_vol2/My Documents/FOOTPRINTING/NT/nmapntsp1.zip/Nmapnt/nmapNT-src/libpcap-possiblymodified/pcap-nit.c","1998-10-14 13:38:14 BST","0000-00-00 00:00:00","0000-00-00 00:00:00","0000-00-00 00:00:00",5938,Allocated,Allocated,unknown,"6872b253b8e5b82eeb5b2710e408cb02","16b26fc711e089ae8a951b706a395302778224689a9a8d1fc01aa76b8c17816c",text/x-csrc,c
pcap-null.c,«pcap«-null.c,"/img_SUSPECT LAPTOP.E01/vol_vol2/My Documents/FOOTPRINTING/UNIX/unix_hack.tgz/unix_hack.tar/Unix_hack/usr/hack/compile/sniffit.0.3.5/libpcap-0.3/pcap-null.c","1997-04-18 10:33:58 BST","0000-00-00 00:00:00","0000-00-00 00:00:00","0000-00-00 00:00:00",2209,Allocated,Allocated,unknown,"896c485896f582bd16a683fe475585f6","960c8f2e29381e0736ac35cb9038ae5bf3e307c4edc20d8c544ec034b0aedd4a",text/x-csrc,c
pcap-null.c,«pcap«-null.c,"/img_SUSPECT LAPTOP.E01/vol_vol2/My Documents/FOOTPRINTING/UNIX/unix_hack.tgz/unix_hack.tar/Unix_hack/usr/hack/compile/sniffit.0.3.7.beta/libpcap/pcap-null.c","1998-07-16 17:17:10 BST","0000-00-00 00:00:00","0000-00-00 00:00:00","0000-00-00 00:00:00",2209,Allocated,Allocated,unknown,"896c485896f582bd16a683fe475585f6","960c8f2e29381e0736ac35cb9038ae5bf3e307c4edc20d8c544ec034b0aedd4a",text/x-csrc,c
pcap-nit.h,«pcap«-nit.h,"/img_SUSPECT LAPTOP.E01/vol_vol2/My Documents/FOOTPRINTING/NT/nmapntsp1.zip/Nmapnt/nmapNT-src/libpcap-possiblymodified/pcap-nit.h","1998-10-14 13:38:16 BST","0000-00-00 00:00:00","0000-00-00 00:00:00","0000-00-00 00:00:00",1007,Allocated,Allocated,unknown,"984e9ae9d340785e856a625007a2813d","d3a613d873ca46c38764983ea39ebd06ef19191530a970161058dcea30a72785",text/x-chdr,h
pcap-pf.c,«pcap«-pf.c,"/img_SUSPECT LAPTOP.E01/vol_vol2/My Documents/FOOTPRINTING/UNIX/unix_hack.tgz/unix_hack.tar/Unix_hack/usr/hack/compile/sniffit.0.3.5/libpcap-0.3/pcap-pf.c","1997-04-18 10:33:58 BST","0000-00-00 00:00:00","0000-00-00 00:00:00","0000-00-00 00:00:00",9325,Allocated,Allocated,unknown,"59d559d43578e3291f391ef83c937372","1ae13fd8c6f06c4d870b96cf770eb128541a09dea983f9838dc5528cc5f66249",text/x-csrc,c
pcap-pf.c,«pcap«-pf.c,"/img_SUSPECT LAPTOP.E01/vol_vol2/My Documents/FOOTPRINTING/UNIX/unix_hack.tgz/unix_hack.tar/Unix_hack/usr/hack/compile/sniffit.0.3.7.beta/libpcap/pcap-pf.c","1998-07-16 17:17:10 BST","0000-00-00 00:00:00","0000-00-00 00:00:00","0000-00-00 00:00:00",9325,Allocated,Allocated,unknown,"59d559d43578e3291f391ef83c937372","1ae13fd8c6f06c4d870b96cf770eb128541a09dea983f9838dc5528cc5f66249",text/x-csrc,c
pcap-null.c,«pcap«-null.c,"/img_SUSPECT LAPTOP.E01/vol_vol2/My Documents/FOOTPRINTING/NT/nmapntsp1.zip/Nmapnt/nmapNT-src/libpcap-possiblymodified/pcap-null.c","1998-10-14 13:38:16 BST","0000-00-00 00:00:00","0000-00-00 00:00:00","0000-00-00 00:00:00",2255,Allocated,Allocated,unknown,"a34140292996c23789ac1b7fb9e58883","69cb4ba175ceb3fd09ed7a49a2729922812bfee9875f2badb7a03286b1cbc6b7",text/x-csrc,c
pcap-pf.h,«pcap«-pf.h,"/img_SUSPECT LAPTOP.E01/vol_vol2/My Documents/FOOTPRINTING/UNIX/unix_hack.tgz/unix_hack.tar/Unix_hack/usr/hack/compile/sniffit.0.3.5/libpcap-0.3/pcap-pf.h","1997-04-18 10:33:58 BST","0000-00-00 00:00:00","0000-00-00 00:00:00","0000-00-00 00:00:00",960,Allocated,Allocated,unknown,"27e453e20952c2e31a3b2095924c4411","dd81fe434367b3a2ff6428f732bfbd506c9ba9d6fed88b864cc907fe2b32b6b0",text/x-chdr,h
pcap-pf.h,«pcap«-pf.h,"/img_SUSPECT LAPTOP.E01/vol_vol2/My Documents/FOOTPRINTING/UNIX/unix_hack.tgz/unix_hack.tar/Unix_hack/usr/hack/compile/sniffit.0.3.7.beta/libpcap/pcap-pf.h","1998-07-16 17:17:10 BST","0000-00-00 00:00:00","0000-00-00 00:00:00","0000-00-00 00:00:00",960,Allocated,Allocated,unknown,"27e453e20952c2e31a3b2095924c4411","dd81fe434367b3a2ff6428f732bfbd506c9ba9d6fed88b864cc907fe2b32b6b0",text/x-chdr,h
pcap-pf.c,«pcap«-pf.c,"/img_SUSPECT LAPTOP.E01/vol_vol2/My Documents/FOOTPRINTING/NT/nmapntsp1.zip/Nmapnt/nmapNT-src/libpcap-possiblymodified/pcap-pf.c","1998-10-14 13:38:18 BST","0000-00-00 00:00:00","0000-00-00 00:00:00","0000-00-00 00:00:00",9370,Allocated,Allocated,unknown,"5edc3eb155cd4e8d98b4f78341052500","cbf2698be4d51b6ffffbbfd4c9d04812d6cf643679cf01c284efdbbfc983b04c",text/x-csrc,c
pcap-snit.c,«pcap«-snit.c,"/img_SUSPECT LAPTOP.E01/vol_vol2/My Documents/FOOTPRINTING/UNIX/unix_hack.tgz/unix_hack.tar/Unix_hack/usr/hack/compile/sniffit.0.3.5/libpcap-0.3/pcap-snit.c","1997-04-18 10:33:58 BST","0000-00-00 00:00:00","0000-00-00 00:00:00","0000-00-00 00:00:00",7545,Allocated,Allocated,unknown,"b04ee7ef372689a5f61bf5f5211d24a0","c46a15c4642428ec5c9b3ef2d10b6ba8ba5e6c1eb1d4b408d8886b1f8c6f52b7",text/x-csrc,c
pcap-snit.c,«pcap«-snit.c,"/img_SUSPECT LAPTOP.E01/vol_vol2/My Documents/FOOTPRINTING/UNIX/unix_hack.tgz/unix_hack.tar/Unix_hack/usr/hack/compile/sniffit.0.3.7.beta/libpcap/pcap-snit.c","1998-07-16 17:17:10 BST","0000-00-00 00:00:00","0000-00-00 00:00:00","0000-00-00 00:00:00",7545,Allocated,Allocated,unknown,"b04ee7ef372689a5f61bf5f5211d24a0","c46a15c4642428ec5c9b3ef2d10b6ba8ba5e6c1eb1d4b408d8886b1f8c6f52b7",text/x-csrc,c
pcap-pf.h,«pcap«-pf.h,"/img_SUSPECT LAPTOP.E01/vol_vol2/My Documents/FOOTPRINTING/NT/nmapntsp1.zip/Nmapnt/nmapNT-src/libpcap-possiblymodified/pcap-pf.h","1998-10-14 13:38:18 BST","0000-00-00 00:00:00","0000-00-00 00:00:00","0000-00-00 00:00:00",1006,Allocated,Allocated,unknown,"a87cb0b55c7eaa129860da6632ee0fd8","a688d5cf9da76f723cad549fdf52fa6c9a06aac651391789de8743cbeea443e7",text/x-chdr,h
pcap-snoop.c,«pcap«-snoop.c,"/img_SUSPECT LAPTOP.E01/vol_vol2/My Documents/FOOTPRINTING/UNIX/unix_hack.tgz/unix_hack.tar/Unix_hack/usr/hack/compile/sniffit.0.3.5/libpcap-0.3/pcap-snoop.c","1997-04-18 10:33:58 BST","0000-00-00 00:00:00","0000-00-00 00:00:00","0000-00-00 00:00:00",5589,Allocated,Allocated,unknown,"4f29f63287abf296f24cfcb1c13dea3d","81bd353df46bf59c88d0990b1caa89f044fa00d7042303711ac4c7482716a8d0",text/x-csrc,c
pcap-snoop.c,«pcap«-snoop.c,"/img_SUSPECT LAPTOP.E01/vol_vol2/My Documents/FOOTPRINTING/UNIX/unix_hack.tgz/unix_hack.tar/Unix_hack/usr/hack/compile/sniffit.0.3.7.beta/libpcap/pcap-snoop.c","1998-07-16 17:17:10 BST","0000-00-00 00:00:00","0000-00-00 00:00:00","0000-00-00 00:00:00",6211,Allocated,Allocated,unknown,"7071b74e8022a2f5a7fd8e3761b2ac5e","a9f2968c94233a672096a246577dae662633f6526b7ae438ddd65df7ea1a8f97",text/x-csrc,c
pcap-namedb.h,«pcap«-namedb.h,"/img_SUSPECT LAPTOP.E01/vol_vol2/My Documents/FOOTPRINTING/NT/Nmapnt/nmapNT-src/libpcap-possiblymodified/pcap-namedb.h","1998-10-14 17:38:12 BST","2004-08-20 16:21:01 BST","2004-08-20 16:21:01 BST","2004-08-20 16:21:01 BST",3283,Allocated,Allocated,unknown,"43284c2866aeec0ee7e4ba1a324b50ec","e30df54d7c03c92006eaa62926540d85775b62587ce75438f453fc2b028f5eca",text/x-chdr,h
pcap-snit.c,«pcap«-snit.c,"/img_SUSPECT LAPTOP.E01/vol_vol2/My Documents/FOOTPRINTING/NT/nmapntsp1.zip/Nmapnt/nmapNT-src/libpcap-possiblymodified/pcap-snit.c","1998-10-14 13:38:20 BST","0000-00-00 00:00:00","0000-00-00 00:00:00","0000-00-00 00:00:00",7590,Allocated,Allocated,unknown,"3d7a8ce311042216eb5a4461a7a931d7","40b324bd4233e0872b00709713447cffc4af36373d4036599ed684c8304563d5",text/x-csrc,c
pcap.3,«pcap«.3,"/img_SUSPECT LAPTOP.E01/vol_vol2/My Documents/FOOTPRINTING/UNIX/unix_hack.tgz/unix_hack.tar/Unix_hack/usr/hack/compile/sniffit.0.3.5/libpcap-0.3/pcap.3","1997-04-18 10:33:58 BST","0000-00-00 00:00:00","0000-00-00 00:00:00","0000-00-00 00:00:00",8216,Allocated,Allocated,unknown,"77d3fd8f67d725cd57e61260ced7ee89","6ee3a9fc5295ef66e87de79801d4732c8cb88ecb81c0054cff61654b7530ef3c",text/troff,3
pcap.3,«pcap«.3,"/img_SUSPECT LAPTOP.E01/vol_vol2/My Documents/FOOTPRINTING/UNIX/unix_hack.tgz/unix_hack.tar/Unix_hack/usr/hack/compile/sniffit.0.3.7.beta/libpcap/pcap.3","1998-07-16 17:17:10 BST","0000-00-00 00:00:00","0000-00-00 00:00:00","0000-00-00 00:00:00",8866,Allocated,Allocated,unknown,"6bc3066e23eae891f5d9f4513936436a","76fe3011ea414a4f8bc3a921f91258dc8815172b57c1d169b2371948367d3265",text/troff,3
f0043095.html,"SEE ALSO

tcpdump(8), «pcap«(3), ethereal(1), editcap(1)","/img_SUSPECT LAPTOP.E01/vol_vol2/$CarvedFiles/1/f0043095.html","0000-00-00 00:00:00","0000-00-00 00:00:00","0000-00-00 00:00:00","0000-00-00 00:00:00",10412,Unallocated,Unallocated,unknown,"0278434e81b5cc34ecea554a2951fcf1","636eca052b74cbce4d807dd6d059ec08d8efffb0c4bb06f075f191887b68861a",text/html,html
pcap-namedb.h-slack,«pcap«-namedb.h-slack,"/img_SUSPECT LAPTOP.E01/vol_vol2/My Documents/FOOTPRINTING/NT/Nmapnt/nmapNT-src/libpcap-possiblymodified/pcap-namedb.h-slack","1998-10-14 17:38:12 BST","2004-08-20 16:21:01 BST","2004-08-20 16:21:01 BST","2004-08-20 16:21:01 BST",301,Allocated,Allocated,unknown,,,application/octet-stream,h-slack
pcap-snoop.c,«pcap«-snoop.c,"/img_SUSPECT LAPTOP.E01/vol_vol2/My Documents/FOOTPRINTING/NT/nmapntsp1.zip/Nmapnt/nmapNT-src/libpcap-possiblymodified/pcap-snoop.c","1998-10-14 13:38:20 BST","0000-00-00 00:00:00","0000-00-00 00:00:00","0000-00-00 00:00:00",6256,Allocated,Allocated,unknown,"a928588a3d643e02158a491aa30c5f1d","1fe0b12eaf3046f596e90f1bbccfd22c0d797c42c507c37f65024a9bbba9f320",text/x-csrc,c
pcap.3,«pcap«.3,"/img_SUSPECT LAPTOP.E01/vol_vol2/My Documents/FOOTPRINTING/NT/nmapntsp1.zip/Nmapnt/nmapNT-src/libpcap-possiblymodified/pcap.3","1998-06-24 18:55:36 BST","0000-00-00 00:00:00","0000-00-00 00:00:00","0000-00-00 00:00:00",8863,Allocated,Allocated,unknown,"eb054150b84b42b9a170afd6a29f1222","e4653b8087622704f6e4afd7ca662f911f63ee151c4bbf3af9053c29c60f2fa8",text/troff,3
software,"le
.fdc
ethereal-file
.«pcap«
ethereal-file
nk H
.pkt","/img_SUSPECT LAPTOP.E01/vol_vol2/WINDOWS/system32/config/software","2004-08-27 16:46:33 BST","2004-08-27 16:29:44 BST","2004-08-27 16:46:33 BST","2004-08-19 17:56:08 BST",8650752,Allocated,Allocated,unknown,"85af9ce354890337ceb62c712607372d","e761dc28d24b505a5d20ebfd971096207fee034a9ce20a9a7376eabb7ba16947","application/x.windows-registry",
